Timestamp,Irradiance (W/m²),Temp (°C),Humidity (%),Rain (mm),Wind (m/s)
2021-06-01 00:00,0,29.83,82.21,0,2.11
2021-06-01 01:00,5.98,29.6,76.7,0,2.28
2021-06-01 02:00,20.94,30.98,78.66,0,1.68
2021-06-01 03:00,4.43,31.97,78.25,0,2.13
2021-06-01 04:00,0,29.53,80.94,0,2.81
2021-06-01 05:00,6.78,30.37,82.69,0,1.42
2021-06-01 06:00,56.88,26.07,71.17,0,1.73
2021-06-01 07:00,245.13,30.17,73.67,0,2.0
2021-06-01 08:00,444.75,33.47,67.77,0,3.46
2021-06-01 09:00,563.62,35.22,54.16,0,2.77
2021-06-01 10:00,769.15,35.16,68.04,0,2.91
2021-06-01 11:00,944.19,38.46,54.4,0,4.21
2021-06-01 12:00,610.66,34.7,46.91,0,4.36
2021-06-01 13:00,990.43,37.38,48.39,0,4.19
2021-06-01 14:00,727.98,37.76,48.25,0,3.2
2021-06-01 15:00,792.88,35.48,54.47,0,3.96
2021-06-01 16:00,619.62,32.77,52.57,0,2.82
2021-06-01 17:00,395.26,34.47,65.8,0,3.06
2021-06-01 18:00,203.09,33.7,64.05,0,3.25
2021-06-01 19:00,65.77,31.96,88.12,0,2.03
2021-06-01 20:00,2.07,29.23,71.23,0,2.09
2021-06-01 21:00,14.69,31.03,63.74,0,2.7
2021-06-01 22:00,0,29.06,77.99,0,3.41
2021-06-01 23:00,0,32.04,75.32,0,1.95
2021-06-02 00:00,0,30.33,70.74,0,2.82
Timestamp,Irradiance (W/m²),Temp (°C),Humidity (%),Rain (mm),Wind (m/s)
2021-06-01 00:00,0,29.83,82.21,0,2.11
2021-06-01 01:00,5.98,29.6,76.7,0,2.28
2021-06-01 02:00,20.94,30.98,78.66,0,1.68
2021-06-01 03:00,4.43,31.97,78.25,0,2.13
2021-06-01 04:00,0,29.53,80.94,0,2.81
2021-06-01 05:00,6.78,30.37,82.69,0,1.42
2021-06-01 06:00,56.88,26.07,71.17,0,1.73
2021-06-01 07:00,245.13,30.17,73.67,0,2.0
2021-06-01 08:00,444.75,33.47,67.77,0,3.46
2021-06-01 09:00,563.62,35.22,54.16,0,2.77
2021-06-01 10:00,769.15,35.16,68.04,0,2.91
2021-06-01 11:00,944.19,38.46,54.4,0,4.21
2021-06-01 12:00,610.66,34.7,46.91,0,4.36
2021-06-01 13:00,990.43,37.38,48.39,0,4.19
2021-06-01 14:00,727.98,37.76,48.25,0,3.2
2021-06-01 15:00,792.88,35.48,54.47,0,3.96
2021-06-01 16:00,619.62,32.77,52.57,0,2.82
2021-06-01 17:00,395.26,34.47,65.8,0,3.06
2021-06-01 18:00,203.09,33.7,64.05,0,3.25
2021-06-01 19:00,65.77,31.96,88.12,0,2.03
2021-06-01 20:00,2.07,29.23,71.23,0,2.09
2021-06-01 21:00,14.69,31.03,63.74,0,2.7
2021-06-01 22:00,0,29.06,77.99,0,3.41
2021-06-01 23:00,0,32.04,75.32,0,1.95
2021-06-02 00:00,0,30.33,70.74,0,2.82
2021-06-02 01:00,41.1,30.42,86.19,0,1.29
2021-06-02 02:00,5.82,32.62,67.91,0,2.89
2021-06-02 03:00,27.6,31.07,78.31,0,1.83
2021-06-02 04:00,3.52,29.71,90.12,0,1.77
2021-06-02 05:00,0,29.41,79.57,0,2.78
2021-06-02 06:00,68.34,28.32,77.56,0,2.73
2021-06-02 07:00,237.1,33.7,69.12,0,3.19
2021-06-02 08:00,352.28,33.72,75.78,0,3.18
2021-06-02 09:00,615.56,36.72,58.63,0,3.64
2021-06-02 10:00,540.98,32.95,55.82,0,3.65
2021-06-02 11:00,871.75,37.24,45.4,0,3.99
2021-06-02 12:00,811.51,37.51,49.83,0,3.17
2021-06-02 13:00,739.87,36.13,52.69,0,4.4
2021-06-02 14:00,859.58,36.83,65.5,0,2.29
2021-06-02 15:00,583.86,36.18,66.3,0,3.43
2021-06-02 16:00,325.55,36.06,56.12,0,2.73
2021-06-02 17:00,390.44,34.8,51.6,0,4.34
2021-06-02 18:00,267.22,31.78,71.87,0,4.84
2021-06-02 19:00,26.61,31.18,79.24,0,2.77
2021-06-02 20:00,0,27.6,75.39,0,3.07
2021-06-02 21:00,0,29.95,86.39,0,3.69
2021-06-02 22:00,5.57,28.14,72.94,0,2.23
2021-06-02 23:00,10.44,29.28,71.09,0,1.66
2021-06-03 00:00,11.58,26.53,76.0,0,2.51
2021-06-03 01:00,1.28,31.5,75.61,0,1.68
2021-06-03 02:00,27.49,31.49,80.92,0,4.53
2021-06-03 03:00,11.17,30.46,76.67,0,3.82
2021-06-03 04:00,0,29.4,80.57,0,2.75
2021-06-03 05:00,0,27.14,77.57,0,2.13
2021-06-03 06:00,72.52,28.16,62.67,0,2.6
2021-06-03 07:00,271.32,33.19,67.45,0,3.65
2021-06-03 08:00,434.63,32.51,59.35,0,1.49
2021-06-03 09:00,567.06,33.96,53.64,0,3.54
2021-06-03 10:00,483.17,34.77,50.47,0,3.44
2021-06-03 11:00,933.26,36.42,62.44,0,4.29
2021-06-03 12:00,644.88,37.83,43.27,0,3.91
2021-06-03 13:00,725.89,40.0,53.69,0,2.35
2021-06-03 14:00,671.33,36.83,54.7,0,3.87
2021-06-03 15:00,791.13,37.49,62.69,0,4.77
2021-06-03 16:00,335.7,36.69,47.57,0,4.34
2021-06-03 17:00,358.44,37.51,68.1,0,1.61
2021-06-03 18:00,202.37,33.46,67.32,0,3.58
2021-06-03 19:00,61.87,34.72,71.44,0,2.43
2021-06-03 20:00,0,30.97,78.58,0,1.54
2021-06-03 21:00,14.25,29.75,74.18,0,1.65
2021-06-03 22:00,0,30.69,76.89,0,2.63
2021-06-03 23:00,13.75,29.73,82.98,0,2.67
2021-06-04 00:00,0,28.59,73.56,0,1.51
2021-06-04 01:00,0,32.36,91.68,0,2.22
2021-06-04 02:00,0,29.89,69.07,0,2.02
2021-06-04 03:00,0,28.85,73.45,0,3.45
2021-06-04 04:00,0,29.44,83.73,0,1.72
2021-06-04 05:00,13.1,31.12,86.4,0,1.81
2021-06-04 06:00,58.78,29.41,81.98,0,2.95
2021-06-04 07:00,247.29,32.84,64.81,0,2.06
2021-06-04 08:00,486.17,30.11,65.03,0,3.13
2021-06-04 09:00,651.24,35.42,54.28,0,2.81
2021-06-04 10:00,574.14,35.04,50.24,0,3.53
2021-06-04 11:00,733.28,38.03,52.74,0,3.41
2021-06-04 12:00,979.52,37.62,58.81,0,3.17
2021-06-04 13:00,787.11,36.87,50.35,0,2.48
2021-06-04 14:00,649.23,38.53,65.41,0,3.37
2021-06-04 15:00,664.73,39.24,44.5,0,3.78
2021-06-04 16:00,613.2,32.5,50.78,0,3.96
2021-06-04 17:00,449.27,32.75,67.9,0,2.17
2021-06-04 18:00,155.35,32.15,70.85,0,2.64
2021-06-04 19:00,36.41,30.19,73.04,0,1.88
2021-06-04 20:00,6.91,29.82,83.22,0,1.83
2021-06-04 21:00,3.25,32.29,77.41,0,1.95
2021-06-04 22:00,12.35,29.12,80.06,0,0.87
2021-06-04 23:00,0,28.83,84.35,0,1.27
2021-06-05 00:00,1.34,28.5,86.06,0,3.25
2021-06-05 01:00,0,31.21,70.18,0,1.93
2021-06-05 02:00,12.45,29.67,78.57,0,1.66
2021-06-05 03:00,0,30.51,74.93,0,2.27
2021-06-05 04:00,0,28.48,82.78,0,3.19
2021-06-05 05:00,13.18,31.26,83.57,0,2.41
2021-06-05 06:00,102.63,30.1,68.96,0,2.39
2021-06-05 07:00,325.06,32.62,76.01,0,2.81
2021-06-05 08:00,359.04,31.76,54.39,0,2.33
2021-06-05 09:00,705.32,34.19,61.34,0,3.33
2021-06-05 10:00,573.98,34.57,52.38,0,3.11
2021-06-05 11:00,932.42,38.11,51.33,0,3.28
2021-06-05 12:00,596.89,37.1,50.96,0,3.29
2021-06-05 13:00,610.92,36.61,49.76,0,3.41
2021-06-05 14:00,782.34,38.9,58.08,0,4.16
2021-06-05 15:00,818.3,39.3,56.02,0,2.81
2021-06-05 16:00,625.68,34.17,58.86,0,3.98
2021-06-05 17:00,511.92,36.85,56.81,0,1.95
2021-06-05 18:00,216.11,32.9,54.62,0,2.46
2021-06-05 19:00,10.86,31.59,67.46,0,2.73
2021-06-05 20:00,34.93,30.31,75.77,0,2.59
2021-06-05 21:00,0,30.45,76.95,0,2.32
2021-06-05 22:00,0,30.63,88.43,0,1.42
2021-06-05 23:00,0,28.85,92.56,0,2.31
2021-06-06 00:00,14.72,27.48,78.72,0,1.83
2021-06-06 01:00,0,30.15,81.54,0,2.47
2021-06-06 02:00,0,28.52,74.67,0,1.48
2021-06-06 03:00,0,28.66,76.61,0,1.67
2021-06-06 04:00,9.13,30.27,80.83,0,1.04
2021-06-06 05:00,4.98,30.96,68.41,0,2.31
2021-06-06 06:00,67.49,29.86,77.51,0,2.54
2021-06-06 07:00,234.46,32.23,63.9,0,2.58
2021-06-06 08:00,328.2,33.04,59.91,0,3.56
2021-06-06 09:00,665.52,33.09,51.57,0,3.42
2021-06-06 10:00,663.94,37.13,51.55,0,3.79
2021-06-06 11:00,890.79,37.28,54.59,0,3.76
2021-06-06 12:00,886.45,37.58,49.99,0,3.78
2021-06-06 13:00,953.3,35.96,43.78,0,3.58
2021-06-06 14:00,906.99,38.11,51.59,0,2.9
2021-06-06 15:00,754.82,32.69,55.97,0,3.9
2021-06-06 16:00,552.43,35.81,61.17,0,3.98
2021-06-06 17:00,373.35,33.81,65.32,0,4.03
2021-06-06 18:00,215.26,31.99,57.53,0,2.85
2021-06-06 19:00,32.59,29.04,69.69,0,2.68
2021-06-06 20:00,0,30.27,75.95,0,2.5
2021-06-06 21:00,0,28.05,77.26,0,2.55
2021-06-06 22:00,0,31.65,75.51,0,1.91
2021-06-06 23:00,18.55,30.4,76.0,0,2.68
2021-06-07 00:00,24.98,31.01,71.27,0,4.83
2021-06-07 01:00,0,28.95,87.76,0,2.49
2021-06-07 02:00,4.82,30.82,76.09,0,1.35
2021-06-07 03:00,0,30.03,74.88,0,2.71
2021-06-07 04:00,0,28.89,86.09,0,1.8
2021-06-07 05:00,8.85,28.25,72.99,0,2.37
2021-06-07 06:00,150.15,28.51,78.89,0,3.39
2021-06-07 07:00,249.49,31.59,70.76,0,3.32
2021-06-07 08:00,392.72,33.36,58.82,0,1.48
2021-06-07 09:00,602.74,35.38,69.59,0,4.58
2021-06-07 10:00,727.53,36.57,60.39,0,3.19
2021-06-07 11:00,800.91,36.17,48.46,0,3.71
2021-06-07 12:00,680.35,36.46,43.1,0,3.5
2021-06-07 13:00,531.46,36.86,44.69,0,3.47
2021-06-07 14:00,583.23,39.01,43.67,0,3.39
2021-06-07 15:00,411.13,38.11,43.78,0,3.38
2021-06-07 16:00,558.79,30.8,47.56,0,2.82
2021-06-07 17:00,365.38,34.17,57.11,0,2.66
2021-06-07 18:00,257.08,34.17,78.71,0,2.16
2021-06-07 19:00,47.92,31.56,76.09,0,1.19
2021-06-07 20:00,0,28.56,68.47,0,3.01
2021-06-07 21:00,20.69,30.41,67.78,0,1.44
2021-06-07 22:00,0,28.36,76.92,0,2.08
2021-06-07 23:00,0,29.28,62.46,0,2.55
2021-06-08 00:00,23.48,28.27,68.52,0,3.03
2021-06-08 01:00,0,30.9,76.02,0,1.04
2021-06-08 02:00,0,31.93,81.53,0,4.33
2021-06-08 03:00,0,28.4,84.93,0,2.78
2021-06-08 04:00,0,28.88,65.82,0,3.4
2021-06-08 05:00,0,31.4,82.51,0,2.88
2021-06-08 06:00,94.85,30.29,76.94,0,3.04
2021-06-08 07:00,308.75,35.31,72.74,0,3.31
2021-06-08 08:00,434.08,36.0,63.5,0,3.87
2021-06-08 09:00,651.59,35.86,53.41,0,4.04
2021-06-08 10:00,727.62,35.53,65.61,0,3.7
2021-06-08 11:00,602.56,36.45,44.31,0,3.23
2021-06-08 12:00,657.92,39.01,48.89,0,3.56
2021-06-08 13:00,583.24,34.72,58.09,0,3.97
2021-06-08 14:00,881.22,36.22,62.38,0,3.09
2021-06-08 15:00,688.35,34.75,50.68,0,2.43
2021-06-08 16:00,589.8,33.29,49.71,0,2.85
2021-06-08 17:00,404.62,35.22,63.94,0,2.64
2021-06-08 18:00,264.72,33.65,72.96,0,0.81
2021-06-08 19:00,10.23,31.36,78.64,0,1.81
2021-06-08 20:00,0,30.86,68.68,0,2.02
2021-06-08 21:00,9.65,29.81,89.64,0,1.91
2021-06-08 22:00,0,32.65,75.79,0,1.38
2021-06-08 23:00,22.24,30.16,69.39,0,2.49
2021-06-09 00:00,0,31.57,65.2,0,2.6
2021-06-09 01:00,36.92,30.49,65.65,0,1.61
2021-06-09 02:00,6.4,31.47,66.24,0,1.97
2021-06-09 03:00,27.79,32.79,75.66,0,2.97
2021-06-09 04:00,21.57,31.09,82.97,0,1.65
2021-06-09 05:00,17.69,29.48,77.83,0,1.79
2021-06-09 06:00,97.88,28.47,75.22,0,2.54
2021-06-09 07:00,248.5,33.18,79.83,0,2.28
2021-06-09 08:00,341.58,29.31,58.29,0,2.57
2021-06-09 09:00,479.08,35.21,61.74,0,2.65
2021-06-09 10:00,722.73,35.28,53.31,0,3.6
2021-06-09 11:00,840.95,37.71,60.65,0,4.12
2021-06-09 12:00,753.2,37.74,46.19,0,4.6
2021-06-09 13:00,566.96,37.05,52.23,0,3.98
2021-06-09 14:00,727.95,36.65,50.75,0,4.83
2021-06-09 15:00,617.53,37.65,55.79,0,3.64
2021-06-09 16:00,503.73,35.49,52.25,0,3.36
2021-06-09 17:00,473.02,35.62,65.91,0,2.87
2021-06-09 18:00,165.41,31.65,69.22,0,2.86
2021-06-09 19:00,26.42,32.2,73.68,0,1.54
2021-06-09 20:00,0,31.79,81.99,0,2.71
2021-06-09 21:00,0,28.6,69.17,0,4.22
2021-06-09 22:00,0,29.46,76.31,0,1.79
2021-06-09 23:00,0,27.91,77.24,0,1.72
2021-06-10 00:00,3.89,29.13,83.59,0,1.93
2021-06-10 01:00,0,30.99,75.57,0,2.49
2021-06-10 02:00,0,30.33,75.69,0,3.14
2021-06-10 03:00,8.68,28.23,71.4,0,1.74
2021-06-10 04:00,8.06,28.66,85.06,0,2.2
2021-06-10 05:00,0,26.12,73.49,0,1.82
2021-06-10 06:00,90.48,29.41,71.25,0,3.42
2021-06-10 07:00,181.22,33.88,58.86,0,2.13
2021-06-10 08:00,261.81,34.16,55.34,0,2.91
2021-06-10 09:00,595.23,33.28,57.51,0,3.71
2021-06-10 10:00,667.71,35.45,54.58,0,4.1
2021-06-10 11:00,838.03,36.81,50.37,0,3.5
2021-06-10 12:00,750.2,35.63,52.75,0,2.93
2021-06-10 13:00,604.79,35.09,51.98,0,3.8
2021-06-10 14:00,636.91,36.28,47.66,0,3.17
2021-06-10 15:00,725.16,36.76,54.98,0,3.09
2021-06-10 16:00,589.26,34.78,52.83,0,3.11
2021-06-10 17:00,373.49,35.74,69.31,0,2.97
2021-06-10 18:00,219.58,33.25,75.46,0,3.78
2021-06-10 19:00,50.88,33.31,74.37,0,1.5
2021-06-10 20:00,0,32.68,83.22,0,2.33
2021-06-10 21:00,31.52,28.58,71.04,0,1.78
2021-06-10 22:00,0,30.23,78.82,0,1.63
2021-06-10 23:00,0,28.08,80.26,0,2.05
2021-06-11 00:00,0,28.45,74.13,0,1.72
2021-06-11 01:00,0,31.14,81.53,0,2.93
2021-06-11 02:00,14.12,31.15,74.9,0,2.02
2021-06-11 03:00,5.25,28.99,80.41,0,2.57
2021-06-11 04:00,0,29.48,74.89,0,2.32
2021-06-11 05:00,0.85,27.47,65.07,0,2.7
2021-06-11 06:00,95.28,27.87,66.36,0,2.09
2021-06-11 07:00,290.72,32.67,67.02,0,3.23
2021-06-11 08:00,336.81,32.68,68.97,0,4.25
2021-06-11 09:00,512.34,35.89,63.01,0,2.51
2021-06-11 10:00,775.05,33.03,50.46,0,4.09
2021-06-11 11:00,814.6,34.3,48.41,0,4.34
2021-06-11 12:00,732.7,39.39,57.88,0,3.08
2021-06-11 13:00,565.49,36.97,50.38,0,4.44
2021-06-11 14:00,854.45,37.62,56.78,0,3.45
2021-06-11 15:00,502.58,38.05,57.0,0,2.46
2021-06-11 16:00,478.99,35.0,54.65,0,3.05
2021-06-11 17:00,484.93,32.81,60.26,0,3.74
2021-06-11 18:00,204.55,35.57,68.24,0,1.89
2021-06-11 19:00,51.19,31.51,68.81,0,3.15
2021-06-11 20:00,0,31.17,69.35,0,1.86
2021-06-11 21:00,0,28.75,74.32,0,2.71
2021-06-11 22:00,11.32,31.64,75.76,0,2.26
2021-06-11 23:00,30.72,31.35,86.29,0,2.91
2021-06-12 00:00,0,31.32,79.28,0,2.24
2021-06-12 01:00,0,30.62,83.04,0,1.15
2021-06-12 02:00,0,28.57,80.36,0,1.97
2021-06-12 03:00,0,30.42,77.94,0,1.44
2021-06-12 04:00,0,30.61,71.7,0,2.54
2021-06-12 05:00,49.1,28.59,73.26,0,2.34
2021-06-12 06:00,114.31,32.7,72.48,0,2.49
2021-06-12 07:00,275.99,34.15,73.96,0,2.07
2021-06-12 08:00,317.44,34.02,58.91,0,3.06
2021-06-12 09:00,623.72,34.03,44.51,0,3.92
2021-06-12 10:00,642.43,35.33,55.15,0,4.27
2021-06-12 11:00,672.41,41.15,50.36,0,3.75
2021-06-12 12:00,507.18,35.27,41.51,0,4.07
2021-06-12 13:00,676.65,34.97,56.32,0,4.52
2021-06-12 14:00,714.12,37.84,54.11,0,4.05
2021-06-12 15:00,736.83,34.51,58.67,0,3.81
2021-06-12 16:00,523.23,33.2,64.21,0,2.89
2021-06-12 17:00,381.88,33.37,71.41,0,3.02
2021-06-12 18:00,221.06,31.42,73.68,0,2.67
2021-06-12 19:00,31.25,31.46,78.62,0,2.24
2021-06-12 20:00,0,31.9,77.44,0,1.59
2021-06-12 21:00,0,26.82,77.98,0,2.33
2021-06-12 22:00,0,29.77,69.61,0,2.35
2021-06-12 23:00,0,30.39,67.46,0,1.83
2021-06-13 00:00,27.88,27.74,80.04,0,1.33
2021-06-13 01:00,28.73,31.0,73.17,0,2.35
2021-06-13 02:00,3.26,33.37,81.63,0,0.2
2021-06-13 03:00,0,29.69,78.08,0,1.74
2021-06-13 04:00,24.54,30.9,73.98,0,2.68
2021-06-13 05:00,22.81,28.42,82.68,0,1.77
2021-06-13 06:00,64.51,26.59,75.02,0,1.12
2021-06-13 07:00,259.93,31.4,59.67,0,1.92
2021-06-13 08:00,459.97,35.23,67.12,0,2.68
2021-06-13 09:00,391.84,35.53,56.87,0,3.44
2021-06-13 10:00,556.56,36.74,53.97,0,5.17
2021-06-13 11:00,772.33,37.3,44.33,0,4.58
2021-06-13 12:00,843.96,38.11,56.52,0,3.73
2021-06-13 13:00,802.92,38.07,46.35,0,4.2
2021-06-13 14:00,839.26,35.25,38.71,0,2.77
2021-06-13 15:00,465.21,35.51,47.92,0,4.04
2021-06-13 16:00,514.56,35.38,52.04,0,2.53
2021-06-13 17:00,312.74,35.66,45.26,0,3.71
2021-06-13 18:00,268.15,32.53,70.28,0,3.08
2021-06-13 19:00,64.98,31.03,84.14,0,2.84
2021-06-13 20:00,0,29.68,79.8,0,0.78
2021-06-13 21:00,16.89,28.1,85.67,0,1.76
2021-06-13 22:00,0,30.73,80.78,0,3.0
2021-06-13 23:00,22.56,30.31,70.64,0,3.13
2021-06-14 00:00,0,31.11,80.66,0,3.32
2021-06-14 01:00,0,29.59,79.04,0,1.95
2021-06-14 02:00,0,27.85,80.8,0,1.4
2021-06-14 03:00,4.86,27.9,84.48,0,3.86
2021-06-14 04:00,16.26,30.73,79.05,0,2.44
2021-06-14 05:00,0,32.12,69.9,0,3.57
2021-06-14 06:00,40.68,29.99,83.33,0,2.03
2021-06-14 07:00,249.79,33.75,64.94,0,2.7
2021-06-14 08:00,360.18,31.99,54.81,0,1.95
2021-06-14 09:00,612.83,33.41,59.72,0,3.31
2021-06-14 10:00,710.96,34.05,45.69,0,2.62
2021-06-14 11:00,593.26,36.36,47.66,0,5.33
2021-06-14 12:00,907.07,36.33,45.48,0,3.92
2021-06-14 13:00,696.75,37.64,52.62,0,4.6
2021-06-14 14:00,793.7,36.53,40.05,0,3.96
2021-06-14 15:00,606.79,37.73,52.06,0,4.15
2021-06-14 16:00,523.66,36.55,61.91,0,2.49
2021-06-14 17:00,307.02,37.5,67.1,0,3.46
2021-06-14 18:00,230.35,33.44,63.09,0,1.8
2021-06-14 19:00,41.86,32.3,83.1,0,2.01
2021-06-14 20:00,0,29.71,79.54,0,0.75
2021-06-14 21:00,0,28.61,66.68,0,1.89
2021-06-14 22:00,15.66,29.64,67.91,0,1.73
2021-06-14 23:00,0,29.58,75.78,0,2.11
2021-06-15 00:00,0,29.16,95,0,2.05
2021-06-15 01:00,17.79,29.77,79.52,0,1.59
2021-06-15 02:00,0,30.56,84.79,0,1.99
2021-06-15 03:00,10.56,31.02,71.46,0,2.33
2021-06-15 04:00,0,29.03,85.3,0,3.32
2021-06-15 05:00,0,28.74,72.18,0,3.33
2021-06-15 06:00,97.11,29.15,85.31,0,1.66
2021-06-15 07:00,224.1,31.75,71.38,0,1.63
2021-06-15 08:00,402.19,29.42,65.35,0,3.26
2021-06-15 09:00,621.41,33.38,54.75,0,3.06
2021-06-15 10:00,721.79,36.0,51.17,0,3.41
2021-06-15 11:00,740.01,36.1,56.54,0,3.7
2021-06-15 12:00,644.3,34.64,55.63,0,4.94
2021-06-15 13:00,856.54,36.46,52.93,0,4.05
2021-06-15 14:00,793.85,35.54,51.08,0,4.31
2021-06-15 15:00,391.86,37.5,56.21,0,2.33
2021-06-15 16:00,562.31,34.78,56.57,0,3.23
2021-06-15 17:00,289.69,38.48,62.77,0,3.49
2021-06-15 18:00,220.33,32.73,75.18,0,3.76
2021-06-15 19:00,46.22,32.76,73.79,0,1.67
2021-06-15 20:00,0,32.6,74.95,0,2.06
2021-06-15 21:00,0,28.65,73.68,0,2.39
2021-06-15 22:00,1.59,26.61,74.65,0,2.07
2021-06-15 23:00,0,28.67,78.42,0,3.24
2021-06-16 00:00,0,31.47,80.01,0,2.13
2021-06-16 01:00,0.24,29.85,64.88,0,1.7
2021-06-16 02:00,23.24,31.23,73.27,0,2.76
2021-06-16 03:00,0,31.95,80.18,0,2.03
2021-06-16 04:00,0,29.41,64.11,0,2.57
2021-06-16 05:00,8.27,29.37,95,0,1.04
2021-06-16 06:00,110.33,33.54,68.85,0,3.65
2021-06-16 07:00,310.41,32.11,81.97,0,3.95
2021-06-16 08:00,495.97,31.61,60.98,0,4.28
2021-06-16 09:00,584.31,34.7,60.64,0,3.55
2021-06-16 10:00,716.28,36.49,63.05,0,3.71
2021-06-16 11:00,854.06,35.4,59.28,0,2.45
2021-06-16 12:00,641.98,38.74,54.73,0,3.85
2021-06-16 13:00,657.78,38.01,49.99,0,4.2
2021-06-16 14:00,634.07,36.06,61.01,0,4.61
2021-06-16 15:00,594.06,35.83,58.67,0,3.84
2021-06-16 16:00,595.08,37.38,53.34,0,3.08
2021-06-16 17:00,345.43,33.87,61.06,0,2.61
2021-06-16 18:00,201.03,33.26,61.93,0,1.86
2021-06-16 19:00,15.34,32.34,74.24,0,1.86
2021-06-16 20:00,30.17,30.43,76.23,0,1.17
2021-06-16 21:00,20.46,30.91,85.0,0,2.53
2021-06-16 22:00,0,30.79,82.33,0,1.85
2021-06-16 23:00,6.59,31.91,84.03,0,2.65
2021-06-17 00:00,0,28.35,77.45,0,2.93
2021-06-17 01:00,10.1,27.75,69.23,0,2.98
2021-06-17 02:00,0,31.32,79.55,0,4.27
2021-06-17 03:00,6.24,29.77,79.39,0,2.13
2021-06-17 04:00,16.7,30.41,61.47,0,1.76
2021-06-17 05:00,17.66,29.93,86.92,0,1.09
2021-06-17 06:00,118.5,29.02,68.46,0,2.0
2021-06-17 07:00,288.76,33.68,59.07,0,2.5
2021-06-17 08:00,396.58,34.54,63.58,0,2.61
2021-06-17 09:00,595.14,33.94,58.01,0,3.92
2021-06-17 10:00,710.84,35.42,51.12,0,3.75
2021-06-17 11:00,819.29,33.23,55.43,0,3.67
2021-06-17 12:00,705.74,34.92,44.71,0,4.79
2021-06-17 13:00,651.44,37.63,52.73,0,5.05
2021-06-17 14:00,556.99,36.16,62.61,0,3.53
2021-06-17 15:00,675.25,35.04,52.7,0,3.97
2021-06-17 16:00,436.66,35.76,64.06,0,4.8
2021-06-17 17:00,331.52,32.23,59.78,0,2.41
2021-06-17 18:00,253.04,35.38,66.9,0,2.76
2021-06-17 19:00,39.25,32.43,69.23,0,3.11
2021-06-17 20:00,5.8,29.26,86.93,0,2.73
2021-06-17 21:00,0,28.5,74.99,0,2.07
2021-06-17 22:00,12.12,27.95,67.2,0,2.38
2021-06-17 23:00,0,29.04,76.96,0,3.24
2021-06-18 00:00,0,30.96,87.4,0,2.06
2021-06-18 01:00,0,30.39,70.5,0,3.72
2021-06-18 02:00,4.07,30.73,77.29,0,3.0
2021-06-18 03:00,1.14,32.04,81.76,0,3.69
2021-06-18 04:00,0,28.64,83.05,0,1.85
2021-06-18 05:00,0,29.86,91.78,0,3.35
2021-06-18 06:00,108.01,31.24,71.85,0,1.6
2021-06-18 07:00,218.54,32.83,67.64,0,4.34
2021-06-18 08:00,448.92,34.07,67.25,0,2.05
2021-06-18 09:00,377.85,34.51,56.08,0,2.78
2021-06-18 10:00,458.31,34.44,48.61,0,4.1
2021-06-18 11:00,519.03,38.42,38.02,0,3.74
2021-06-18 12:00,879.92,37.2,50.67,0,4.66
2021-06-18 13:00,865.83,34.78,40.45,0,4.39
2021-06-18 14:00,686.26,38.61,52.32,0,2.92
2021-06-18 15:00,485.02,34.53,47.98,0,3.52
2021-06-18 16:00,384.72,37.37,59.62,0,2.92
2021-06-18 17:00,220.14,34.8,59.24,0,1.81
2021-06-18 18:00,186.5,33.99,72.05,0,2.93
2021-06-18 19:00,38.96,30.91,71.78,0,2.69
2021-06-18 20:00,12.93,31.07,77.74,0,1.65
2021-06-18 21:00,0,27.56,78.16,0,1.89
2021-06-18 22:00,15.71,30.19,78.29,0,2.59
2021-06-18 23:00,0,31.06,67.15,0,1.64
2021-06-19 00:00,12.44,31.0,79.09,0,3.19
2021-06-19 01:00,0,30.07,90.21,0,2.92
2021-06-19 02:00,0,33.37,80.83,0,1.5
2021-06-19 03:00,0,28.7,76.6,0,1.51
2021-06-19 04:00,4.98,30.17,89.36,0,1.06
2021-06-19 05:00,0,32.19,89.43,0,3.81
2021-06-19 06:00,64.74,30.49,74.49,0,1.14
2021-06-19 07:00,196.23,34.16,74.38,0,2.51
2021-06-19 08:00,386.33,32.61,81.45,0,2.36
2021-06-19 09:00,534.33,33.92,54.15,0,2.35
2021-06-19 10:00,505.25,36.24,44.97,0,3.84
2021-06-19 11:00,650.95,34.27,51.03,0,3.02
2021-06-19 12:00,715.57,36.32,55.39,0,3.65
2021-06-19 13:00,660.52,38.51,44.5,0,3.44
2021-06-19 14:00,570.76,38.52,56.38,0,3.29
2021-06-19 15:00,502.89,37.77,66.01,0,4.2
2021-06-19 16:00,266.12,34.71,57.47,0,2.93
2021-06-19 17:00,327.61,36.16,70.14,0,3.23
2021-06-19 18:00,251.17,34.31,72.23,0,2.64
2021-06-19 19:00,21.44,31.45,80.4,0,2.66
2021-06-19 20:00,0,28.03,70.57,0,1.9
2021-06-19 21:00,14.26,27.28,81.2,0,2.14
2021-06-19 22:00,39.43,30.4,82.96,0,4.0
2021-06-19 23:00,0,32.23,70.15,0,2.25
2021-06-20 00:00,17.46,30.61,72.52,0,2.88
2021-06-20 01:00,0,28.97,74.85,0,1.4
2021-06-20 02:00,0,29.58,71.77,0,1.92
2021-06-20 03:00,13.47,27.57,72.06,0,2.64
2021-06-20 04:00,0,28.71,70.01,0,2.27
2021-06-20 05:00,20.53,29.9,72.21,0,2.69
2021-06-20 06:00,49.89,27.45,71.93,0,1.43
2021-06-20 07:00,148.48,31.51,77.43,0,3.31
2021-06-20 08:00,413.37,33.02,61.42,0,4.06
2021-06-20 09:00,509.93,35.98,64.14,0,3.12
2021-06-20 10:00,537.78,33.73,53.54,0,2.68
2021-06-20 11:00,749.67,36.83,52.49,0,2.7
2021-06-20 12:00,839.26,37.53,50.54,0,2.15
2021-06-20 13:00,587.54,39.38,53.55,0,4.16
2021-06-20 14:00,756.87,35.13,52.64,0,2.6
2021-06-20 15:00,530.77,37.48,55.98,0,3.12
2021-06-20 16:00,396.65,35.14,55.84,0,3.74
2021-06-20 17:00,366.22,35.29,50.15,0,2.29
2021-06-20 18:00,218.39,34.15,77.98,0,2.47
2021-06-20 19:00,31.68,31.35,71.42,0,1.91
2021-06-20 20:00,0,30.04,67.09,0,2.5
2021-06-20 21:00,8.03,29.3,74.95,0,2.89
2021-06-20 22:00,35.76,27.89,76.52,0,1.41
2021-06-20 23:00,0,29.28,82.7,0,1.4
2021-06-21 00:00,0,29.39,85.92,0,2.52
2021-06-21 01:00,11.34,30.86,81.77,0,3.18
2021-06-21 02:00,0,30.96,82.5,0,2.59
2021-06-21 03:00,0,27.98,85.63,0,2.2
2021-06-21 04:00,0.64,29.35,84.04,0,2.82
2021-06-21 05:00,9.74,30.05,84.16,0,0.55
2021-06-21 06:00,98.69,29.38,69.11,0,2.8
2021-06-21 07:00,288.88,32.19,68.94,0,2.12
2021-06-21 08:00,426.6,34.11,68.64,0,2.95
2021-06-21 09:00,624.48,34.27,65.73,0,4.07
2021-06-21 10:00,558.05,35.73,52.45,0,3.31
2021-06-21 11:00,845.68,36.29,56.2,0,2.6
2021-06-21 12:00,929.33,35.51,51.83,0,4.0
2021-06-21 13:00,870.94,36.9,51.18,0,4.96
2021-06-21 14:00,759.25,36.31,43.67,0,3.79
2021-06-21 15:00,551.03,37.31,60.08,0,3.68
2021-06-21 16:00,532.03,34.49,67.45,0,3.08
2021-06-21 17:00,340.93,31.1,63.08,0,2.65
2021-06-21 18:00,135.43,37.39,60.94,0,2.87
2021-06-21 19:00,53.21,31.15,73.7,0,1.01
Timestamp,Irradiance (W/m²),Temp (°C),Humidity (%),Rain (mm),Wind (m/s)
2021-06-21 20:00,0,28.04,78.52,0,2.12
2021-06-21 21:00,0,30.63,79.94,0,1.99
2021-06-21 22:00,0,31.33,75.76,0,2.79
2021-06-21 23:00,31.05,30.04,76.95,0,1.07
2021-06-22 00:00,6.86,29.66,79.69,0,1.72
2021-06-22 01:00,0,30.44,76.69,0,3.51
2021-06-22 02:00,20.14,28.42,75.21,0,1.61
2021-06-22 03:00,7.87,30.21,79.41,0,1.44
2021-06-22 04:00,25.01,29.95,78.08,0,2.65
2021-06-22 05:00,0,29.26,75.92,0,1.87
2021-06-22 06:00,65.9,29.36,71.05,0,1.32
2021-06-22 07:00,185.43,33.3,65.41,0,3.72
2021-06-22 08:00,406.81,33.27,62.59,0,2.64
2021-06-22 09:00,515.14,36.74,67.16,0,3.34
2021-06-22 10:00,437.35,34.83,55.52,0,4.11
2021-06-22 11:00,635.09,35.64,46.57,0,4.96
2021-06-22 12:00,601.54,36.85,46.9,0,4.08
2021-06-22 13:00,715.95,36.96,46.49,0,3.07
2021-06-22 14:00,677.01,37.73,56.94,0,3.06
2021-06-22 15:00,734.42,36.69,55.01,0,2.5
2021-06-22 16:00,626.6,35.21,62.09,0,3.16
2021-06-22 17:00,306.47,33.83,56.1,0,2.18
2021-06-22 18:00,196.38,32.6,65.85,0,1.79
2021-06-22 19:00,42.01,30.74,88.47,0,2.79
2021-06-22 20:00,0,31.34,82.59,0,1.49
2021-06-22 21:00,52.47,29.38,80.92,0,2.05
2021-06-22 22:00,0,28.49,84.81,0,2.34
2021-06-22 23:00,0.42,29.73,82.26,0,2.42
2021-06-23 00:00,1.57,30.44,71.08,0,1.63
2021-06-23 01:00,0,31.18,84.47,0,2.63
2021-06-23 02:00,0,29.34,84.68,0,2.57
2021-06-23 03:00,0,29.66,70.44,0,1.21
2021-06-23 04:00,0,29.23,68.79,0,2.34
2021-06-23 05:00,16.47,30.83,70.13,0,2.48
2021-06-23 06:00,118.52,29.96,71.79,0,2.09
2021-06-23 07:00,318.76,35.18,58.21,0,2.53
2021-06-23 08:00,387.12,35.12,70.35,0,2.84
2021-06-23 09:00,329.95,34.14,59.6,0,2.75
2021-06-23 10:00,471.5,35.0,52.91,0,2.85
2021-06-23 11:00,631.57,36.33,48.27,0,4.02
2021-06-23 12:00,601.67,36.65,45.84,0,3.48
2021-06-23 13:00,725.35,36.15,44.48,0,3.81
2021-06-23 14:00,545.84,38.02,45.97,0,4.58
2021-06-23 15:00,670.47,36.97,46.6,0,4.0
2021-06-23 16:00,499.86,34.3,64.15,0,3.57
2021-06-23 17:00,394.61,30.51,66.41,0,2.86
2021-06-23 18:00,234.94,34.04,65.69,0,2.54
2021-06-23 19:00,48.58,33.84,73.62,0,3.21
2021-06-23 20:00,5.41,27.42,78.43,0,2.71
2021-06-23 21:00,0.89,28.88,84.16,0,2.23
2021-06-23 22:00,16.51,31.64,67.61,0,2.24
2021-06-23 23:00,0,27.56,77.6,0,1.88
2021-06-24 00:00,0,29.47,78.11,0,3.3
2021-06-24 01:00,33.85,31.87,83.81,0,1.69
2021-06-24 02:00,0,30.62,77.6,0,2.51
2021-06-24 03:00,3.02,29.46,72.16,0,1.89
2021-06-24 04:00,0,29.91,83.21,0,2.54
2021-06-24 05:00,0,28.69,77.67,0,2.47
2021-06-24 06:00,104.85,29.25,73.04,0,2.77
2021-06-24 07:00,182.96,33.03,72.58,0,2.6
2021-06-24 08:00,422.57,33.93,65.27,0,2.5
2021-06-24 09:00,629.38,34.09,60.67,0,2.74
2021-06-24 10:00,556.44,34.43,59.69,0,3.24
2021-06-24 11:00,774.73,36.31,45.94,0,4.06
2021-06-24 12:00,706.46,34.2,52.66,0,3.76
2021-06-24 13:00,724.06,33.26,57.9,0,4.64
2021-06-24 14:00,806.43,35.61,45.65,0,3.53
2021-06-24 15:00,410.99,36.4,60.2,0,3.0
2021-06-24 16:00,387.88,36.18,54.34,0,3.96
2021-06-24 17:00,348.06,36.2,66.85,0,2.31
2021-06-24 18:00,155.12,33.78,73.8,0,2.84
2021-06-24 19:00,39.34,31.73,73.1,0,1.93
2021-06-24 20:00,17.81,29.49,77.33,0,2.13
2021-06-24 21:00,11.68,32.96,69.64,0,2.04
2021-06-24 22:00,0,32.61,77.3,0,1.64
2021-06-24 23:00,0,30.32,72.05,0,2.19
2021-06-25 00:00,14.27,30.62,90.52,0,2.24
2021-06-25 01:00,22.07,29.9,80.51,0,0.2
2021-06-25 02:00,0,29.35,74.06,0,2.83
2021-06-25 03:00,56.68,31.73,80.22,0,3.53
2021-06-25 04:00,0,31.54,68.18,0,2.62
2021-06-25 05:00,9.63,27.82,79.23,0,2.11
2021-06-25 06:00,51.39,28.22,71.8,0,3.16
2021-06-25 07:00,140.71,30.82,66.06,0,3.46
2021-06-25 08:00,355.22,33.65,70.06,0,4.58
2021-06-25 09:00,519.63,35.26,55.15,0,1.74
2021-06-25 10:00,551.34,37.51,55.12,0,4.53
2021-06-25 11:00,810.25,33.88,57.0,0,3.46
2021-06-25 12:00,594.34,37.85,53.12,0,3.96
2021-06-25 13:00,689.19,36.16,58.71,0,3.44
2021-06-25 14:00,572.19,35.63,38.97,0,3.71
2021-06-25 15:00,658.75,35.84,51.68,0,4.44
2021-06-25 16:00,412.49,39.0,54.44,0,1.47
2021-06-25 17:00,233.32,34.42,53.41,0,1.99
2021-06-25 18:00,176.08,30.06,64.47,0,3.36
2021-06-25 19:00,35.81,36.25,82.56,0,3.55
2021-06-25 20:00,14.96,27.99,68.4,0,1.68
2021-06-25 21:00,0.02,30.56,77.88,0,2.53
2021-06-25 22:00,0.14,29.57,62.27,0,2.81
2021-06-25 23:00,0,31.3,83.51,0,2.68
2021-06-26 00:00,0,29.66,74.7,0,3.41
2021-06-26 01:00,0,31.26,80.25,0,2.12
2021-06-26 02:00,15.31,29.79,70.5,0,2.45
2021-06-26 03:00,0,28.85,76.5,0,2.22
2021-06-26 04:00,0,30.67,75.76,0,2.58
2021-06-26 05:00,10.25,32.16,76.3,0,1.08
2021-06-26 06:00,98.06,30.04,76.72,0,1.17
2021-06-26 07:00,288.06,33.17,64.09,0,2.96
2021-06-26 08:00,418.65,33.4,64.16,0,3.29
2021-06-26 09:00,481.9,35.92,55.76,0,3.93
2021-06-26 10:00,756.36,37.12,58.1,0,4.06
2021-06-26 11:00,443.33,37.52,50.81,0,4.41
2021-06-26 12:00,719.07,39.15,53.89,0,3.55
2021-06-26 13:00,748.85,38.56,58.16,0,3.51
2021-06-26 14:00,809.68,37.48,46.23,0,2.23
2021-06-26 15:00,606.24,36.82,52.48,0,3.48
2021-06-26 16:00,360.96,32.31,58.9,0,3.54
2021-06-26 17:00,426.64,33.98,64.4,0,2.51
2021-06-26 18:00,103.62,33.57,67.2,0,0.77
2021-06-26 19:00,0,34.04,68.47,0,1.33
2021-06-26 20:00,39.53,30.48,76.85,0,1.66
2021-06-26 21:00,0,31.07,66.22,0,2.57
2021-06-26 22:00,0,28.45,77.12,0,1.86
2021-06-26 23:00,0,28.67,90.68,0,1.61
2021-06-27 00:00,0,29.58,85.24,0,1.8
2021-06-27 01:00,0,31.16,76.72,0,2.08
2021-06-27 02:00,9.9,28.21,72.18,0,3.63
2021-06-27 03:00,0,30.96,77.64,0,0.62
2021-06-27 04:00,0,30.52,73.35,0,2.05
2021-06-27 05:00,0,29.36,80.19,0,1.92
2021-06-27 06:00,63.88,30.55,70.58,0,1.5
2021-06-27 07:00,217.18,32.96,73.01,0,1.68
2021-06-27 08:00,346.9,34.07,56.35,0,3.34
2021-06-27 09:00,443.09,34.47,65.25,0,2.12
2021-06-27 10:00,551.79,36.96,44.11,0,3.49
2021-06-27 11:00,579.25,35.18,49.69,0,4.92
2021-06-27 12:00,878.45,37.1,51.15,0,3.04
2021-06-27 13:00,610.97,39.72,45.53,0,3.35
2021-06-27 14:00,577.17,36.81,42.74,0,3.45
2021-06-27 15:00,508.36,38.0,66.44,0,3.14
2021-06-27 16:00,545.39,35.35,65.18,0,4.42
2021-06-27 17:00,342.44,34.3,71.59,0,2.4
2021-06-27 18:00,206.24,33.25,80.96,0,2.0
2021-06-27 19:00,11.7,30.77,72.44,0,2.74
2021-06-27 20:00,20.18,28.76,67.96,0,1.94
2021-06-27 21:00,0,29.84,81.21,0,1.64
2021-06-27 22:00,0,29.78,80.74,0,4.12
2021-06-27 23:00,0,27.69,77.34,0,3.3
2021-06-28 00:00,0,31.5,86.26,0,3.22
2021-06-28 01:00,7.87,28.08,73.17,0,1.3
2021-06-28 02:00,0,31.16,77.93,0,1.59
2021-06-28 03:00,27.55,30.52,74.5,0,2.0
2021-06-28 04:00,0,27.43,75.73,0,3.07
2021-06-28 05:00,0,29.87,84.62,0,0.99
2021-06-28 06:00,87.32,30.81,78.15,0,2.8
2021-06-28 07:00,308.31,34.07,67.26,0,2.96
2021-06-28 08:00,485.4,32.37,72.76,0,2.75
2021-06-28 09:00,448.59,37.32,46.09,0,3.53
2021-06-28 10:00,735.71,38.37,59.47,0,2.08
2021-06-28 11:00,679.33,37.18,62.47,0,4.08
2021-06-28 12:00,676.58,35.19,54.31,0,4.34
2021-06-28 13:00,783.5,39.17,51.54,0,2.89
2021-06-28 14:00,717.93,36.73,51.47,0,3.42
2021-06-28 15:00,437.67,38.55,44.72,0,3.52
2021-06-28 16:00,402.28,34.52,54.53,0,3.89
2021-06-28 17:00,381.61,34.73,63.53,0,3.02
2021-06-28 18:00,264.72,34.12,78.51,0,2.25
2021-06-28 19:00,39.59,30.71,80.47,0,2.78
2021-06-28 20:00,0,30.56,73.48,0,1.91
2021-06-28 21:00,0,29.22,93.03,0,0.71
2021-06-28 22:00,32.35,29.39,81.0,0,3.68
2021-06-28 23:00,0,30.62,77.55,0,1.83
2021-06-29 00:00,0,30.7,83.01,0,2.09
2021-06-29 01:00,9.88,29.19,76.15,0,2.15
2021-06-29 02:00,0,29.83,77.02,0,1.93
2021-06-29 03:00,0,31.29,74.59,0,2.26
2021-06-29 04:00,0,29.3,86.38,0,1.91
2021-06-29 05:00,0,29.5,79.37,0,1.91
2021-06-29 06:00,75.49,30.54,76.68,0,2.52
2021-06-29 07:00,215.44,33.82,71.39,0,3.75
2021-06-29 08:00,403.6,32.27,62.96,0,3.58
2021-06-29 09:00,581.89,34.54,67.42,0,2.54
2021-06-29 10:00,644.15,37.05,57.87,0,3.43
2021-06-29 11:00,746.57,37.42,56.38,0,3.58
2021-06-29 12:00,783.34,37.02,51.62,0,3.38
2021-06-29 13:00,488.53,39.27,58.65,0,4.35
2021-06-29 14:00,464.69,36.35,48.77,0,3.13
2021-06-29 15:00,485.42,34.2,64.08,0,4.15
2021-06-29 16:00,472.61,36.7,57.95,0,2.19
2021-06-29 17:00,285.08,32.44,65.09,0,2.61
2021-06-29 18:00,203.15,34.12,68.86,0,1.81
2021-06-29 19:00,45.36,29.86,78.86,0,2.91
2021-06-29 20:00,3.38,28.85,67.5,0,2.57
2021-06-29 21:00,7.73,29.65,76.44,0,2.31
2021-06-29 22:00,15.59,29.36,69.33,0,2.3
2021-06-29 23:00,0,28.35,75.37,0,1.64
2021-06-30 00:00,0,31.82,82.98,0,2.21
2021-06-30 01:00,0,28.68,82.07,0,1.44
2021-06-30 02:00,0,29.46,75.25,0,3.0
2021-06-30 03:00,4.84,29.57,73.55,0,2.23
2021-06-30 04:00,0,30.37,86.49,0,1.78
2021-06-30 05:00,0,30.69,66.8,0,2.64
2021-06-30 06:00,93.08,27.82,74.95,0,2.95
2021-06-30 07:00,218.23,31.99,75.46,0,3.22
2021-06-30 08:00,427.38,32.27,62.65,0,2.2
2021-06-30 09:00,634.27,34.88,59.04,0,4.04
2021-06-30 10:00,752.86,33.37,55.5,0,3.41
2021-06-30 11:00,753.38,35.27,45.24,0,4.73
2021-06-30 12:00,620.29,34.52,48.82,0,4.1
2021-06-30 13:00,718.93,38.84,49.78,0,3.36
2021-06-30 14:00,731.62,38.19,49.36,0,2.42
2021-06-30 15:00,551.42,35.63,43.11,0,4.26
2021-06-30 16:00,412.63,35.76,52.56,0,2.26
2021-06-30 17:00,451.64,35.82,62.37,0,2.9
2021-06-30 18:00,128.64,31.52,70.88,0,3.01
2021-06-30 19:00,18.16,30.85,80.51,0,2.79
2021-06-30 20:00,0,28.52,77.85,0,3.74
2021-06-30 21:00,1.12,28.8,93.51,0,1.78
2021-06-30 22:00,2.81,28.01,82.85,0,2.19
2021-06-30 23:00,0,27.16,74.67,0,0.61
2021-07-01 00:00,0,27.12,74.5,0,1.27
2021-07-01 01:00,0,24.94,68.77,0,2.17
2021-07-01 02:00,11.13,26.06,78.96,0,1.19
2021-07-01 03:00,8.02,26.97,84.26,0,1.16
2021-07-01 04:00,1.6,27.52,74.49,0,2.51
2021-07-01 05:00,0,30.87,76.17,0,1.65
2021-07-01 06:00,56.49,30.41,82.06,0,3.13
2021-07-01 07:00,265.76,29.59,70.89,0,1.48
2021-07-01 08:00,407.31,28.44,72.62,0,2.67
2021-07-01 09:00,384.91,32.59,50.32,0,2.44
2021-07-01 10:00,420.7,32.93,45.71,0,2.57
2021-07-01 11:00,691.24,30.51,50.34,0,4.05
2021-07-01 12:00,645.56,33.38,49.6,0,3.35
2021-07-01 13:00,672.97,34.42,45.71,0,4.65
2021-07-01 14:00,575.64,38.14,56.28,0,3.17
2021-07-01 15:00,641.37,33.71,56.0,0,2.84
2021-07-01 16:00,444.88,31.98,58.87,0,3.63
2021-07-01 17:00,307.89,33.81,61.53,0,3.31
2021-07-01 18:00,240.15,33.18,54.98,5.38,1.19
2021-07-01 19:00,13.88,28.63,85.19,0,2.01
2021-07-01 20:00,0,26.59,82.92,0,3.3
2021-07-01 21:00,0,29.91,76.31,0,2.27
2021-07-01 22:00,20.22,28.86,76.84,0,2.12
2021-07-01 23:00,24.58,28.89,79.77,0,0.81
2021-07-02 00:00,13.59,26.8,62.31,0,1.2
2021-07-02 01:00,0,27.13,72.79,0,2.36
2021-07-02 02:00,10.7,26.17,75.2,0,2.16
2021-07-02 03:00,0,26.83,86.92,0,2.31
2021-07-02 04:00,0,28.07,70.04,0,3.64
2021-07-02 05:00,24.87,29.63,77.19,0,2.48
2021-07-02 06:00,97.07,27.1,69.05,0,2.83
2021-07-02 07:00,199.55,28.2,71.83,0,2.61
2021-07-02 08:00,239.74,31.11,57.11,0,2.17
2021-07-02 09:00,521.63,32.61,51.8,0,2.78
2021-07-02 10:00,664.96,34.67,50.88,0,2.97
2021-07-02 11:00,762.15,35.23,53.37,0,3.23
2021-07-02 12:00,558.04,36.9,38.91,0,2.84
2021-07-02 13:00,623.84,35.54,58.15,0,4.34
2021-07-02 14:00,664.49,34.44,49.62,0,4.09
2021-07-02 15:00,585.2,34.96,52.16,0,4.31
2021-07-02 16:00,515.95,33.4,59.32,0,3.42
2021-07-02 17:00,195.76,33.62,70.71,0,3.79
2021-07-02 18:00,226.45,30.65,77.25,0,1.57
2021-07-02 19:00,53.36,29.36,71.85,0,2.15
2021-07-02 20:00,3.29,29.77,78.83,4.7,1.43
2021-07-02 21:00,18.96,26.95,56.9,0,1.51
2021-07-02 22:00,0,28.43,88.17,0,2.0
2021-07-02 23:00,0,27.9,69.16,0,2.19
2021-07-03 00:00,0,28.91,84.22,0,2.93
2021-07-03 01:00,0,24.69,77.39,0,1.4
2021-07-03 02:00,20.42,29.33,80.22,1.73,2.75
2021-07-03 03:00,0,28.31,94.13,0,2.77
2021-07-03 04:00,0,29.37,68.01,0,1.78
2021-07-03 05:00,0,26.82,71.49,0,1.11
2021-07-03 06:00,127.45,26.61,74.23,0,1.57
2021-07-03 07:00,205.74,28.92,70.91,5.18,3.03
2021-07-03 08:00,365.18,29.75,70.13,0,3.17
2021-07-03 09:00,311.22,30.81,53.83,0,3.34
2021-07-03 10:00,562.58,35.42,56.12,0,3.35
2021-07-03 11:00,661.55,34.11,51.17,0,4.07
2021-07-03 12:00,793.86,37.21,51.22,0,3.63
2021-07-03 13:00,560.89,36.48,52.75,0,3.37
2021-07-03 14:00,783.29,35.24,48.47,0,3.5
2021-07-03 15:00,374.67,35.71,51.23,0,3.17
2021-07-03 16:00,417.99,34.66,53.58,0,3.4
2021-07-03 17:00,283.97,32.81,74.42,0,3.24
2021-07-03 18:00,172.93,32.69,76.07,0,3.59
2021-07-03 19:00,33.3,28.53,75.17,0,2.44
2021-07-03 20:00,32.14,28.36,72.3,0,2.14
2021-07-03 21:00,0,27.36,82.55,0,2.79
2021-07-03 22:00,0,29.1,73.7,0,1.89
2021-07-03 23:00,0,27.65,86.74,0,2.25
2021-07-04 00:00,15.63,29.23,85.2,0,2.65
2021-07-04 01:00,0,28.9,73.75,0,1.14
2021-07-04 02:00,0,26.69,83.56,0,1.98
2021-07-04 03:00,0,25.65,83.4,0,1.39
2021-07-04 04:00,9.19,28.55,81.54,0,1.73
2021-07-04 05:00,0,25.78,86.25,0.82,3.73
2021-07-04 06:00,89.07,27.5,75.67,0,2.54
2021-07-04 07:00,183.28,32.88,63.1,0,2.15
2021-07-04 08:00,465.34,32.21,55.1,0,3.32
2021-07-04 09:00,360.67,31.34,65.86,0,3.47
2021-07-04 10:00,583.99,34.62,55.02,1.34,4.7
2021-07-04 11:00,638.6,35.53,45.16,0,3.19
2021-07-04 12:00,627.76,34.22,61.13,0,2.65
2021-07-04 13:00,396.22,37.02,55.01,0,5.2
2021-07-04 14:00,659.19,35.29,53.35,0,4.79
2021-07-04 15:00,658.91,33.51,57.92,0,2.59
2021-07-04 16:00,342.72,33.85,49.05,0,2.46
2021-07-04 17:00,311.71,32.32,65.9,0,3.11
2021-07-04 18:00,134.86,31.46,75.3,0,2.53
2021-07-04 19:00,45.55,29.01,83.89,0,2.86
2021-07-04 20:00,19.16,26.61,78.82,0,2.0
2021-07-04 21:00,0,25.0,74.0,0,2.2
2021-07-04 22:00,0,28.33,82.35,0,2.39
2021-07-04 23:00,23.69,26.92,73.72,0,1.37
2021-07-05 00:00,0,25.92,78.93,0,3.69
2021-07-05 01:00,14.2,26.72,91.29,0,2.05
2021-07-05 02:00,23.24,30.53,81.59,0,1.4
2021-07-05 03:00,0,29.41,85.48,0,3.91
2021-07-05 04:00,6.83,29.03,78.31,0,1.76
2021-07-05 05:00,0,29.89,78.55,0,2.99
2021-07-05 06:00,105.29,28.57,83.84,0,2.72
2021-07-05 07:00,261.74,30.72,64.75,0,2.47
2021-07-05 08:00,388.54,29.96,65.29,0,3.4
2021-07-05 09:00,506.83,31.62,38.17,0,3.28
2021-07-05 10:00,759.93,33.81,49.08,0,2.84
2021-07-05 11:00,698.76,33.84,54.04,0,2.89
2021-07-05 12:00,797.27,33.59,56.0,0,3.69
2021-07-05 13:00,675.64,37.08,54.17,0,3.58
2021-07-05 14:00,671.82,35.1,46.39,0,2.46
2021-07-05 15:00,562.96,33.39,52.96,0,4.4
2021-07-05 16:00,409.97,32.43,66.3,0,3.37
2021-07-05 17:00,362.57,33.42,62.2,0,3.47
2021-07-05 18:00,199.06,28.48,74.17,0,1.07
2021-07-05 19:00,39.23,30.49,85.98,0,2.45
2021-07-05 20:00,0,28.79,79.75,0,3.52
2021-07-05 21:00,0,27.9,69.85,0,2.92
2021-07-05 22:00,10.42,26.24,67.68,0,2.21
2021-07-05 23:00,0,27.43,78.76,0,2.06
2021-07-06 00:00,0,23.97,80.43,0,2.09
2021-07-06 01:00,27.33,27.56,81.58,0,3.05
2021-07-06 02:00,0,25.88,76.74,0,1.7
2021-07-06 03:00,6.55,26.47,74.91,0,2.61
2021-07-06 04:00,0.02,28.79,73.5,0,3.78
2021-07-06 05:00,19.37,27.44,84.36,0,2.24
2021-07-06 06:00,80.22,26.92,79.22,0,2.04
2021-07-06 07:00,213.04,28.51,65.21,0,3.08
2021-07-06 08:00,393.86,33.59,57.02,0,2.76
2021-07-06 09:00,346.61,31.06,60.23,0,2.92
2021-07-06 10:00,671.59,33.25,62.32,0,3.71
2021-07-06 11:00,636.98,34.12,55.17,0,3.96
2021-07-06 12:00,684.99,35.85,55.78,0,3.22
2021-07-06 13:00,482.59,34.98,51.67,0,3.08
2021-07-06 14:00,598.19,34.92,49.63,0,4.08
2021-07-06 15:00,384.92,31.76,62.28,0,4.27
2021-07-06 16:00,432.19,33.51,57.51,0,3.33
2021-07-06 17:00,436.14,32.31,62.06,0,2.39
2021-07-06 18:00,197.17,32.97,67.32,0,2.32
2021-07-06 19:00,70.37,28.06,76.99,0,2.62
2021-07-06 20:00,9.72,27.88,80.99,0,2.4
2021-07-06 21:00,4.27,26.33,73.24,0,1.82
2021-07-06 22:00,6.59,25.45,68.59,0,2.03
2021-07-06 23:00,0,26.16,78.8,0,1.85
2021-07-07 00:00,0,28.11,67.15,0,2.58
2021-07-07 01:00,0,28.63,83.56,0,1.72
2021-07-07 02:00,26.73,28.36,81.58,0,2.14
2021-07-07 03:00,19.53,25.1,75.86,0,2.11
2021-07-07 04:00,13.5,27.96,78.17,0,1.87
2021-07-07 05:00,35.24,28.35,78.72,0,1.69
2021-07-07 06:00,70.31,26.61,79.56,0,1.46
2021-07-07 07:00,240.57,31.93,74.2,6.7,3.25
2021-07-07 08:00,300.11,31.81,69.47,0,1.81
2021-07-07 09:00,562.13,30.97,56.53,0,2.76
2021-07-07 10:00,622.15,34.46,52.28,0,3.7
2021-07-07 11:00,692.52,33.83,38.14,0,3.04
2021-07-07 12:00,851.16,35.36,45.88,0.66,3.14
2021-07-07 13:00,393.31,34.83,49.14,0,2.83
2021-07-07 14:00,734.56,34.17,49.24,0,3.31
2021-07-07 15:00,533.42,33.25,46.31,0,3.7
2021-07-07 16:00,448.97,32.43,62.22,0,3.97
2021-07-07 17:00,331.27,33.54,69.54,0,2.9
2021-07-07 18:00,172.21,30.98,61.99,0,2.89
2021-07-07 19:00,39.18,29.49,82.75,0,2.1
2021-07-07 20:00,0,26.51,73.9,0,2.01
2021-07-07 21:00,6.22,30.91,89.04,0,2.38
2021-07-07 22:00,22.56,24.79,73.26,0,2.84
2021-07-07 23:00,11.11,29.1,74.2,0,1.95
2021-07-08 00:00,9.93,30.12,73.18,0,2.31
2021-07-08 01:00,12.61,25.96,66.38,0,1.5
2021-07-08 02:00,27.71,27.46,76.88,6.19,1.46
2021-07-08 03:00,0,29.51,80.94,0,1.83
2021-07-08 04:00,0,28.25,72.2,0,3.04
2021-07-08 05:00,12.55,29.43,78.35,0,2.42
2021-07-08 06:00,104.53,26.53,70.81,0,2.2
2021-07-08 07:00,195.31,30.46,66.87,0,2.61
2021-07-08 08:00,313.63,31.41,59.73,0,2.26
2021-07-08 09:00,532.92,31.69,50.62,0,2.52
2021-07-08 10:00,430.81,32.02,66.22,0,3.14
2021-07-08 11:00,770.94,35.41,50.27,0,3.54
2021-07-08 12:00,507.49,36.45,49.7,0,4.94
2021-07-08 13:00,626.4,36.38,50.86,0,2.32
2021-07-08 14:00,376.61,37.54,46.54,0,4.67
2021-07-08 15:00,575.12,35.39,58.95,0,3.51
2021-07-08 16:00,460.2,33.44,65.95,0,3.9
2021-07-08 17:00,286.79,32.73,63.31,0,2.76
2021-07-08 18:00,241.32,30.93,68.77,0,3.32
2021-07-08 19:00,34.65,32.91,69.98,6.95,1.1
2021-07-08 20:00,0,24.99,89.2,0,1.64
2021-07-08 21:00,0,27.81,71.36,0,2.2
2021-07-08 22:00,1.83,26.67,77.01,0,2.56
2021-07-08 23:00,0,29.69,79.44,0,4.13
2021-07-09 00:00,0,30.28,69.29,0,3.08
2021-07-09 01:00,0,28.85,85.01,0,1.58
2021-07-09 02:00,30.87,26.4,72.54,0,2.22
2021-07-09 03:00,38.8,27.39,74.42,0,2.97
2021-07-09 04:00,17.19,28.93,66.63,0,1.96
2021-07-09 05:00,39.21,31.72,81.32,0,2.14
2021-07-09 06:00,60.45,24.58,69.65,0,1.78
2021-07-09 07:00,146.22,27.47,73.12,0,2.21
2021-07-09 08:00,521.63,34.04,54.25,0,3.07
2021-07-09 09:00,560.38,34.83,54.32,0,2.92
2021-07-09 10:00,603.54,32.99,48.79,0,2.67
2021-07-09 11:00,622.34,32.88,43.13,0,4.6
2021-07-09 12:00,650.51,37.33,52.16,2.23,2.71
2021-07-09 13:00,610.09,34.81,62.85,0,4.33
2021-07-09 14:00,540.09,34.08,57.82,0,3.43
2021-07-09 15:00,559.0,32.87,51.71,0,4.33
2021-07-09 16:00,554.67,35.41,51.64,0,1.96
2021-07-09 17:00,365.14,33.81,58.25,0,2.86
2021-07-09 18:00,232.76,30.97,68.72,0,2.14
2021-07-09 19:00,45.5,28.53,69.09,4.18,2.74
2021-07-09 20:00,26.41,25.71,80.87,0,2.5
2021-07-09 21:00,0,27.24,72.38,0,2.6
2021-07-09 22:00,0,28.49,84.31,0,1.65
2021-07-09 23:00,8.25,25.71,80.11,0,2.44
2021-07-10 00:00,16.63,26.02,85.07,0,2.85
2021-07-10 01:00,0,29.75,84.6,0,1.73
2021-07-10 02:00,29.36,29.02,86.54,0,1.76
2021-07-10 03:00,0,28.7,80.36,0,2.45
2021-07-10 04:00,0,25.15,81.03,0,3.65
2021-07-10 05:00,1.83,29.99,71.91,4.84,2.31
2021-07-10 06:00,102.56,26.6,69.57,0,2.75
2021-07-10 07:00,226.84,29.66,73.99,0,1.88
2021-07-10 08:00,470.3,32.78,64.75,0,2.56
2021-07-10 09:00,616.45,30.62,58.79,0,2.85
2021-07-10 10:00,789.23,34.59,56.82,0,3.29
2021-07-10 11:00,618.29,35.17,50.51,0,3.99
2021-07-10 12:00,751.23,32.54,48.67,0,4.57
2021-07-10 13:00,524.77,31.79,41.17,0,3.79
2021-07-10 14:00,553.34,33.82,48.6,0,4.25
2021-07-10 15:00,602.52,35.73,46.47,0,3.32
2021-07-10 16:00,446.41,32.46,42.92,0.29,2.97
2021-07-10 17:00,389.93,30.31,70.43,0,2.93
2021-07-10 18:00,240.32,32.3,70.4,0,2.77
2021-07-10 19:00,30.88,29.94,85.53,0,2.33
2021-07-10 20:00,0,28.92,78.68,0,1.65
2021-07-10 21:00,27.8,26.65,73.81,0,1.56
2021-07-10 22:00,0,26.66,87.04,0,2.14
2021-07-10 23:00,0,30.3,75.03,0,2.99
2021-07-11 00:00,0,29.07,74.37,0,2.17
2021-07-11 01:00,25.13,27.78,82.28,0,1.44
2021-07-11 02:00,0,28.02,68.62,0,2.91
2021-07-11 03:00,0,28.02,63.94,0,2.71
2021-07-11 04:00,8.31,28.57,67.84,0,2.05
2021-07-11 05:00,0,28.19,82.99,0,3.68
2021-07-11 06:00,103.31,29.89,84.34,0,3.34
2021-07-11 07:00,285.06,31.78,59.41,0,2.98
2021-07-11 08:00,214.15,30.52,55.42,0,2.8
2021-07-11 09:00,478.34,32.22,54.91,0,4.12
2021-07-11 10:00,519.53,33.96,58.54,0,3.16
2021-07-11 11:00,662.3,35.3,59.71,0,3.72
2021-07-11 12:00,691.54,34.48,53.12,0,3.59
2021-07-11 13:00,627.86,35.89,46.85,0,4.33
2021-07-11 14:00,857.12,35.22,53.14,0,4.0
2021-07-11 15:00,421.86,32.76,52.29,0,2.52
2021-07-11 16:00,395.45,32.65,52.55,0,3.24
2021-07-11 17:00,447.96,34.52,70.13,0,2.56
2021-07-11 18:00,199.03,30.23,71.05,0,3.25
2021-07-11 19:00,64.3,29.22,73.64,0,1.3
2021-07-11 20:00,0,29.67,79.29,0,1.78
2021-07-11 21:00,2.76,25.97,79.95,0,2.43
2021-07-11 22:00,0,26.43,69.41,0,1.61
2021-07-11 23:00,0,26.7,83.83,0,2.09
2021-07-12 00:00,0,28.34,71.73,0,1.71
2021-07-12 01:00,0,27.48,85.11,0,1.82
2021-07-12 02:00,0,25.38,74.22,0,2.46
2021-07-12 03:00,25.61,29.74,78.78,0,1.52
2021-07-12 04:00,0,29.28,66.56,0,2.19
2021-07-12 05:00,6.18,28.68,72.15,0,2.06
2021-07-12 06:00,99.52,27.21,81.93,0,1.81
2021-07-12 07:00,89.47,31.7,67.14,7.89,2.96
2021-07-12 08:00,425.65,30.9,68.4,0,4.04
2021-07-12 09:00,471.53,31.22,65.66,0,2.2
2021-07-12 10:00,632.64,32.92,59.38,0,2.49
2021-07-12 11:00,725.51,34.48,41.16,0,4.68
2021-07-12 12:00,497.25,34.44,47.28,0.22,3.55
2021-07-12 13:00,815.59,36.77,57.7,0,4.19
2021-07-12 14:00,896.24,33.58,48.05,0,2.71
2021-07-12 15:00,585.15,34.76,58.1,0,4.32
Timestamp,Irradiance (W/m²),Temp (°C),Humidity (%),Rain (mm),Wind (m/s)
2021-07-12 16:00,435.34,31.99,59.0,0,1.92
2021-07-12 17:00,187.95,31.53,69.44,0,3.46
2021-07-12 18:00,185.4,35.57,68.34,0,2.35
2021-07-12 19:00,46.26,29.59,66.68,0,2.48
2021-07-12 20:00,12.02,28.39,73.04,2.81,2.34
2021-07-12 21:00,0,27.87,77.36,0,1.47
2021-07-12 22:00,0,31.31,80.99,0,2.07
2021-07-12 23:00,18.88,28.64,78.95,0,2.4
2021-07-13 00:00,0,27.86,80.42,0,2.54
2021-07-13 01:00,9.84,28.9,78.64,0,2.11
2021-07-13 02:00,21.44,28.95,83.31,0,2.12
2021-07-13 03:00,0,28.25,81.56,0,1.71
2021-07-13 04:00,33.17,28.99,83.79,0,2.27
2021-07-13 05:00,0,28.78,80.38,0,3.31
2021-07-13 06:00,75.66,28.68,77.23,0,2.0
2021-07-13 07:00,170.03,28.15,61.76,0,3.45
2021-07-13 08:00,326.87,34.72,63.88,0,2.23
2021-07-13 09:00,691.78,32.1,65.35,0,2.78
2021-07-13 10:00,845.36,34.39,49.81,0,4.32
2021-07-13 11:00,552.49,35.96,51.31,0,2.49
2021-07-13 12:00,693.77,34.48,46.59,0,3.08
2021-07-13 13:00,954.89,35.05,55.46,0,4.15
2021-07-13 14:00,703.66,35.48,52.3,0,2.86
2021-07-13 15:00,803.85,33.68,54.1,0,3.1
2021-07-13 16:00,414.24,35.1,54.51,0,4.07
2021-07-13 17:00,419.73,34.18,72.11,0,2.55
2021-07-13 18:00,229.48,33.41,64.24,0,2.77
2021-07-13 19:00,41.66,28.55,75.35,0,2.5
2021-07-13 20:00,19.32,24.56,78.72,0,2.55
2021-07-13 21:00,19.05,30.02,79.7,0,3.19
2021-07-13 22:00,0,29.75,81.45,0,0.79
2021-07-13 23:00,15.28,29.73,86.09,0,1.78
2021-07-14 00:00,0,26.39,74.74,0,1.45
2021-07-14 01:00,17.48,25.83,79.65,7.64,1.35
2021-07-14 02:00,0,24.8,72.25,0,1.91
2021-07-14 03:00,0,25.2,84.25,0,2.67
2021-07-14 04:00,9.67,28.22,69.38,0,2.87
2021-07-14 05:00,10.06,30.16,84.74,0,1.6
2021-07-14 06:00,76.61,27.92,71.53,0,2.19
2021-07-14 07:00,300.91,30.04,63.61,0,2.55
2021-07-14 08:00,335.66,31.71,62.82,6.32,3.35
2021-07-14 09:00,519.27,30.42,49.19,0,3.55
2021-07-14 10:00,550.08,33.9,53.27,0,3.04
2021-07-14 11:00,822.94,34.1,50.41,0,3.27
2021-07-14 12:00,617.73,35.28,43.73,0,2.61
2021-07-14 13:00,877.79,36.09,51.57,0,3.21
2021-07-14 14:00,908.64,37.07,50.9,0,4.5
2021-07-14 15:00,647.61,36.5,57.62,0,2.29
2021-07-14 16:00,525.94,34.52,63.89,0,2.5
2021-07-14 17:00,387.92,32.31,73.64,0,3.74
2021-07-14 18:00,201.23,31.13,70.17,0,3.48
2021-07-14 19:00,49.63,28.98,80.05,0,1.16
2021-07-14 20:00,24.75,26.47,77.11,0,2.05
2021-07-14 21:00,9.02,29.6,86.02,0,1.9
2021-07-14 22:00,1.41,28.07,80.99,0,2.75
2021-07-14 23:00,1.57,26.14,79.97,0,3.38
2021-07-15 00:00,11.65,28.66,69.27,0,1.77
2021-07-15 01:00,0,27.61,74.98,0,1.75
2021-07-15 02:00,28.09,28.02,76.22,0,2.59
2021-07-15 03:00,4.59,26.31,87.5,0,3.19
2021-07-15 04:00,0,28.71,86.56,0,2.31
2021-07-15 05:00,24.03,29.42,81.98,0,1.7
2021-07-15 06:00,105.91,28.65,72.68,0,1.71
2021-07-15 07:00,252.91,31.81,57.55,0,1.3
2021-07-15 08:00,335.63,32.05,64.05,0,2.6
2021-07-15 09:00,490.81,35.1,49.49,0,2.53
2021-07-15 10:00,679.59,36.43,51.82,0,3.99
2021-07-15 11:00,846.03,34.28,53.89,0,3.14
2021-07-15 12:00,728.79,33.91,57.09,0,3.36
2021-07-15 13:00,770.08,34.93,51.99,0,3.66
2021-07-15 14:00,676.94,33.15,50.58,0,3.93
2021-07-15 15:00,724.4,36.24,64.59,0,3.53
2021-07-15 16:00,454.77,33.14,56.97,0,2.85
2021-07-15 17:00,278.34,30.56,70.76,0,3.06
2021-07-15 18:00,165.62,31.65,64.52,0,1.69
2021-07-15 19:00,88.33,31.36,75.63,0,2.44
2021-07-15 20:00,43.17,25.43,75.19,0,3.46
2021-07-15 21:00,0,27.5,86.47,0,1.85
2021-07-15 22:00,11.03,26.95,74.1,0,1.96
2021-07-15 23:00,0,27.02,82.4,0,2.14
2021-07-16 00:00,5.74,24.68,70.68,0,2.18
2021-07-16 01:00,0,28.95,75.95,2.83,1.69
2021-07-16 02:00,1.9,29.69,84.58,0,1.63
2021-07-16 03:00,0,26.15,88.28,0,1.77
2021-07-16 04:00,15.22,27.41,78.64,0,1.78
2021-07-16 05:00,11.18,28.76,75.71,0,1.43
2021-07-16 06:00,103.97,26.94,90.09,0,2.81
2021-07-16 07:00,192.34,30.75,68.03,0,2.95
2021-07-16 08:00,423.74,30.34,57.99,0,2.63
2021-07-16 09:00,581.16,31.22,61.48,0,2.64
2021-07-16 10:00,512.9,34.09,58.13,0,4.66
2021-07-16 11:00,764.21,34.74,47.89,0,3.74
2021-07-16 12:00,752.54,37.66,48.18,0,3.49
2021-07-16 13:00,805.31,35.43,49.02,0,4.02
2021-07-16 14:00,644.08,36.11,53.04,0,2.99
2021-07-16 15:00,515.13,35.41,60.25,0,3.1
2021-07-16 16:00,452.1,33.48,59.57,0,3.83
2021-07-16 17:00,368.79,30.87,60.66,0,4.57
2021-07-16 18:00,224.78,28.3,64.9,0,2.2
2021-07-16 19:00,62.61,29.52,71.51,0,2.1
2021-07-16 20:00,0,28.42,79.11,0,1.77
2021-07-16 21:00,13.36,27.52,85.39,0,2.32
2021-07-16 22:00,0,27.02,77.71,0,0.87
2021-07-16 23:00,14.3,27.23,85.04,0,3.3
2021-07-17 00:00,10.56,25.54,91.29,0,3.16
2021-07-17 01:00,0,29.61,79.64,0,1.65
2021-07-17 02:00,0,28.65,76.01,0,2.61
2021-07-17 03:00,0,28.48,80.21,0,2.18
2021-07-17 04:00,0,25.2,85.17,0,1.17
2021-07-17 05:00,0.32,27.19,80.3,0,2.83
2021-07-17 06:00,64.46,28.65,70.41,0,2.21
2021-07-17 07:00,262.85,30.02,79.53,0,2.34
2021-07-17 08:00,466.57,29.78,66.33,0,3.02
2021-07-17 09:00,474.52,37.25,66.99,0,3.75
2021-07-17 10:00,841.83,32.35,49.11,0,4.1
2021-07-17 11:00,568.36,33.01,52.46,0,3.83
2021-07-17 12:00,682.66,35.45,54.2,0,4.25
2021-07-17 13:00,805.06,36.78,56.92,0,3.36
2021-07-17 14:00,680.01,34.86,44.39,0,4.09
2021-07-17 15:00,768.85,36.5,53.87,0,3.15
2021-07-17 16:00,496.21,32.1,58.41,0,2.39
2021-07-17 17:00,244.88,33.02,64.93,0,3.38
2021-07-17 18:00,246.45,29.47,68.92,0,2.64
2021-07-17 19:00,39.79,30.15,82.1,0,0.84
2021-07-17 20:00,15.82,29.29,66.5,0,2.25
2021-07-17 21:00,0,27.65,79.68,0,1.74
2021-07-17 22:00,10.06,28.56,80.25,5.56,2.26
2021-07-17 23:00,4.68,25.51,80.76,0,2.29
2021-07-18 00:00,0,28.84,81.11,5.37,2.23
2021-07-18 01:00,10.7,27.51,81.12,0,1.94
2021-07-18 02:00,18.8,31.42,72.77,0,2.64
2021-07-18 03:00,0,26.89,75.52,0,2.06
2021-07-18 04:00,1.1,28.44,82.56,0,0.36
2021-07-18 05:00,10.17,28.6,68.59,0,2.17
2021-07-18 06:00,90.72,28.91,73.81,0,2.02
2021-07-18 07:00,231.41,30.73,71.66,0,2.67
2021-07-18 08:00,343.3,30.76,55.51,2.69,3.44
2021-07-18 09:00,471.71,31.73,64.35,0,3.16
2021-07-18 10:00,741.72,33.75,56.13,0,2.44
2021-07-18 11:00,713.76,39.27,48.55,0,3.64
2021-07-18 12:00,778.13,35.77,54.86,0,4.97
2021-07-18 13:00,557.72,34.92,55.67,0,3.59
2021-07-18 14:00,633.08,36.1,43.7,0,3.39
2021-07-18 15:00,772.06,36.95,51.13,0,2.88
2021-07-18 16:00,578.53,32.33,59.54,0,3.63
2021-07-18 17:00,311.45,32.54,66.05,0.64,3.18
2021-07-18 18:00,216.9,29.62,76.2,0,2.4
2021-07-18 19:00,72.28,31.16,77.57,0,1.05
2021-07-18 20:00,0,27.9,83.49,0,0.55
2021-07-18 21:00,18.72,28.31,83.08,0,1.85
2021-07-18 22:00,14.0,29.87,79.57,0,1.84
2021-07-18 23:00,0,28.04,76.52,0,1.41
2021-07-19 00:00,0,27.23,70.82,0,2.71
2021-07-19 01:00,0,29.11,86.17,0,2.02
2021-07-19 02:00,0,28.45,78.32,0,1.53
2021-07-19 03:00,37.38,28.53,76.53,0,2.47
2021-07-19 04:00,13.08,27.4,74.16,0,0.92
2021-07-19 05:00,14.07,28.51,77.37,0,2.32
2021-07-19 06:00,124.59,25.06,69.45,0,2.06
2021-07-19 07:00,334.69,29.87,62.55,0,3.28
2021-07-19 08:00,330.92,30.38,68.94,0,2.5
2021-07-19 09:00,409.96,33.72,46.29,0,3.3
2021-07-19 10:00,548.7,33.43,55.84,0,3.08
2021-07-19 11:00,665.15,33.67,52.86,0,3.37
2021-07-19 12:00,531.68,33.81,50.74,0,3.35
2021-07-19 13:00,858.92,33.49,46.4,0,3.57
2021-07-19 14:00,800.43,34.91,48.13,5.66,4.19
2021-07-19 15:00,758.51,38.06,54.56,0,2.65
2021-07-19 16:00,642.72,33.73,52.71,0,2.62
2021-07-19 17:00,429.66,33.14,69.57,0,3.8
2021-07-19 18:00,253.59,31.56,68.19,0,1.51
2021-07-19 19:00,26.84,29.08,71.48,0,1.86
2021-07-19 20:00,12.62,28.78,72.07,0,1.27
2021-07-19 21:00,10.32,28.2,81.04,0,2.61
2021-07-19 22:00,0,30.32,65.64,0,3.58
2021-07-19 23:00,21.1,29.02,86.66,0,1.09
2021-07-20 00:00,19.93,31.03,85.72,0,2.42
2021-07-20 01:00,0,24.53,66.83,0,2.02
2021-07-20 02:00,0,28.83,75.06,0,2.42
2021-07-20 03:00,0,27.25,77.96,0,1.69
2021-07-20 04:00,8.8,29.59,76.79,0,1.51
2021-07-20 05:00,0,30.59,75.44,0,2.87
2021-07-20 06:00,45.21,29.31,72.61,0,2.43
2021-07-20 07:00,290.75,29.58,73.4,0,1.84
2021-07-20 08:00,435.92,31.42,70.46,0,3.65
2021-07-20 09:00,578.92,31.79,65.86,0,2.25
2021-07-20 10:00,540.05,34.68,53.39,0,3.71
2021-07-20 11:00,830.34,37.39,58.69,0,3.13
2021-07-20 12:00,729.42,37.77,52.65,0,4.43
2021-07-20 13:00,789.16,36.5,47.79,0,2.28
2021-07-20 14:00,593.25,33.43,51.69,0,4.04
2021-07-20 15:00,812.1,34.43,63.03,0,3.76
2021-07-20 16:00,494.96,31.82,64.0,0,3.57
2021-07-20 17:00,308.45,32.09,69.17,0,1.9
2021-07-20 18:00,215.48,30.57,76.32,0,2.55
2021-07-20 19:00,45.9,27.62,78.37,0,2.97
2021-07-20 20:00,0,28.8,75.16,0,3.09
2021-07-20 21:00,0,25.67,81.94,0,2.12
2021-07-20 22:00,15.9,26.95,80.01,0,1.05
2021-07-20 23:00,21.22,29.61,65.62,0,2.82
2021-07-21 00:00,0,27.78,74.2,0,2.32
2021-07-21 01:00,0,28.03,83.03,0,1.46
2021-07-21 02:00,26.49,26.66,81.02,0,2.06
2021-07-21 03:00,0,25.8,71.78,0,2.98
2021-07-21 04:00,0.62,26.98,86.26,0,1.95
2021-07-21 05:00,0,26.85,79.72,0,2.34
2021-07-21 06:00,123.67,31.55,74.52,0,1.42
2021-07-21 07:00,320.74,30.32,64.87,0,2.3
2021-07-21 08:00,592.4,29.45,59.97,0,1.4
2021-07-21 09:00,566.47,31.95,54.89,0,4.06
2021-07-21 10:00,636.51,35.65,62.77,0,3.46
2021-07-21 11:00,974.28,37.34,43.66,0,2.85
2021-07-21 12:00,925.15,32.89,67.86,0,4.49
2021-07-21 13:00,512.19,32.76,53.5,0,3.82
2021-07-21 14:00,617.88,34.39,45.73,0,3.78
2021-07-21 15:00,635.54,36.18,47.92,0,3.51
2021-07-21 16:00,480.68,36.05,65.77,0,3.62
2021-07-21 17:00,298.39,35.63,57.41,0,2.46
2021-07-21 18:00,267.5,30.78,71.31,0,1.97
2021-07-21 19:00,85.8,30.37,73.87,0,1.65
2021-07-21 20:00,0,28.35,80.03,0,1.79
2021-07-21 21:00,23.22,27.44,93.86,0,2.27
2021-07-21 22:00,0,27.72,68.3,0,1.76
2021-07-21 23:00,24.66,28.65,77.1,7.62,2.41
2021-07-22 00:00,12.32,29.7,91.98,0,3.36
2021-07-22 01:00,16.28,30.23,75.82,0,3.34
2021-07-22 02:00,14.37,25.52,82.48,0,2.05
2021-07-22 03:00,0,25.56,71.06,0,2.14
2021-07-22 04:00,3.42,25.77,82.69,0,1.64
2021-07-22 05:00,0,28.19,74.35,0,2.85
2021-07-22 06:00,82.94,25.89,75.06,0,2.18
2021-07-22 07:00,226.36,29.06,70.46,0,3.0
2021-07-22 08:00,348.66,31.16,64.66,0.46,3.59
2021-07-22 09:00,509.19,33.73,53.75,0,3.05
2021-07-22 10:00,544.58,35.2,59.82,0,3.77
2021-07-22 11:00,642.26,35.86,49.02,0,4.52
2021-07-22 12:00,853.36,34.46,65.69,0,3.87
2021-07-22 13:00,682.11,32.96,52.25,0,3.45
2021-07-22 14:00,655.89,35.64,57.93,0,4.83
2021-07-22 15:00,841.97,33.3,42.97,0,2.16
2021-07-22 16:00,573.08,32.53,62.19,0,3.55
2021-07-22 17:00,427.02,32.9,66.83,0,2.57
2021-07-22 18:00,230.24,29.43,62.57,0,2.38
2021-07-22 19:00,31.63,30.05,78.14,0,2.63
2021-07-22 20:00,0,29.27,71.86,0,1.0
2021-07-22 21:00,2.15,28.06,71.53,0,1.39
2021-07-22 22:00,0,26.43,73.68,0,1.39
2021-07-22 23:00,0,26.88,73.21,0,1.04
2021-07-23 00:00,0,26.85,80.46,7.15,1.51
2021-07-23 01:00,0,28.12,72.7,2.38,3.09
2021-07-23 02:00,15.45,28.12,82.2,0,1.7
2021-07-23 03:00,14.45,26.17,81.4,0,2.63
2021-07-23 04:00,0,26.87,69.35,0,2.62
2021-07-23 05:00,0,27.15,77.96,0,1.16
2021-07-23 06:00,105.35,29.25,78.49,0,2.21
2021-07-23 07:00,233.87,30.08,72.72,0,2.26
2021-07-23 08:00,308.67,31.83,63.3,0,2.75
2021-07-23 09:00,601.26,33.64,54.9,7.03,3.83
2021-07-23 10:00,689.53,32.87,47.31,0,3.05
2021-07-23 11:00,978.13,34.96,52.95,0,3.34
2021-07-23 12:00,962.39,37.47,46.47,0.93,2.72
2021-07-23 13:00,1004.89,34.53,48.59,0,4.41
2021-07-23 14:00,729.21,34.01,47.59,0,4.03
2021-07-23 15:00,729.42,35.63,55.21,0,4.71
2021-07-23 16:00,572.76,31.79,66.29,0,3.01
2021-07-23 17:00,422.44,30.93,65.71,0,4.19
2021-07-23 18:00,271.23,32.9,61.57,0,3.01
2021-07-23 19:00,76.39,30.17,78.77,0,2.18
2021-07-23 20:00,0,30.34,81.81,0,1.25
2021-07-23 21:00,23.78,28.75,75.99,0,1.2
2021-07-23 22:00,17.51,27.2,71.09,0,2.13
2021-07-23 23:00,14.57,28.06,64.7,0,1.93
2021-07-24 00:00,4.05,25.46,75.09,0,1.73
2021-07-24 01:00,3.61,26.5,79.65,2.74,2.76
2021-07-24 02:00,0,31.27,91.25,0,2.94
2021-07-24 03:00,0,27.66,78.76,0,2.34
2021-07-24 04:00,0,28.37,68.45,0,2.39
2021-07-24 05:00,0,29.51,76.85,0,2.37
2021-07-24 06:00,90.34,27.86,68.24,0,3.09
2021-07-24 07:00,319.64,28.73,63.44,0,2.08
2021-07-24 08:00,478.25,31.81,53.58,0,2.82
2021-07-24 09:00,694.93,33.84,48.22,0,2.63
2021-07-24 10:00,524.78,33.83,51.84,7.12,2.73
2021-07-24 11:00,712.32,35.67,45.2,0,3.18
2021-07-24 12:00,822.77,33.4,53.09,0,1.81
2021-07-24 13:00,759.17,34.25,56.88,0,4.48
2021-07-24 14:00,780.68,35.59,54.71,0,3.56
2021-07-24 15:00,840.83,37.03,49.95,0,3.01
2021-07-24 16:00,557.97,34.36,63.81,0,2.95
2021-07-24 17:00,309.26,31.7,62.63,0,2.82
2021-07-24 18:00,191.44,32.03,63.81,0,1.8
2021-07-24 19:00,10.38,30.97,64.6,0,1.68
2021-07-24 20:00,4.45,26.0,71.73,0,1.46
2021-07-24 21:00,0,28.95,73.1,0,3.32
2021-07-24 22:00,7.05,26.52,82.57,0,3.08
2021-07-24 23:00,0,25.61,75.92,0,1.32
2021-07-25 00:00,0,29.37,83.39,0,1.53
2021-07-25 01:00,22.11,28.64,80.53,0,2.94
2021-07-25 02:00,28.96,28.13,79.06,0,2.23
2021-07-25 03:00,14.85,26.95,80.87,0,1.3
2021-07-25 04:00,9.99,29.59,78.94,0,2.59
2021-07-25 05:00,0,28.74,80.95,0,2.45
2021-07-25 06:00,98.64,27.46,80.56,0,1.9
2021-07-25 07:00,303.24,30.09,64.53,0,3.1
2021-07-25 08:00,481.3,31.65,60.17,0,3.02
2021-07-25 09:00,685.5,32.61,55.69,3.77,3.5
2021-07-25 10:00,817.67,32.62,56.43,0,3.27
2021-07-25 11:00,377.99,33.32,41.46,0,3.21
2021-07-25 12:00,849.06,34.16,47.05,0,2.27
2021-07-25 13:00,476.64,33.17,38.56,0,4.4
2021-07-25 14:00,581.26,35.42,47.55,0,5.23
2021-07-25 15:00,630.8,34.56,58.02,0,2.86
2021-07-25 16:00,612.22,33.08,58.95,0,2.67
2021-07-25 17:00,408.01,32.97,69.12,0,3.62
2021-07-25 18:00,287.98,32.56,68.72,0,2.32
2021-07-25 19:00,40.02,28.35,76.84,0,4.28
2021-07-25 20:00,6.09,30.29,78.92,0,3.0
2021-07-25 21:00,21.91,26.7,67.1,0,2.97
2021-07-25 22:00,0,28.5,69.55,0.34,2.72
2021-07-25 23:00,0,26.76,82.32,0,0.99
2021-07-26 00:00,27.6,27.94,77.26,0,2.9
2021-07-26 01:00,0.64,28.3,75.37,0,3.75
2021-07-26 02:00,13.29,27.22,87.02,0,1.54
2021-07-26 03:00,0,31.19,76.9,0,1.74
2021-07-26 04:00,0,29.33,72.32,0,1.23
2021-07-26 05:00,0,27.09,75.98,0,2.1
2021-07-26 06:00,84.23,27.02,72.97,0,2.46
2021-07-26 07:00,277.4,25.81,65.99,0,1.9
2021-07-26 08:00,510.19,33.28,59.6,0,4.58
2021-07-26 09:00,436.48,34.51,56.56,0,4.32
2021-07-26 10:00,851.46,34.33,51.17,0,2.81
2021-07-26 11:00,695.51,34.36,58.18,5.93,4.07
2021-07-26 12:00,634.68,35.85,52.15,0,3.33
2021-07-26 13:00,610.19,35.98,53.15,0,2.81
2021-07-26 14:00,812.1,35.69,54.68,0,4.19
2021-07-26 15:00,633.59,30.87,56.23,0,2.48
2021-07-26 16:00,620.61,33.99,60.15,2.57,3.36
2021-07-26 17:00,444.05,34.92,59.48,0,3.15
2021-07-26 18:00,176.43,30.13,68.29,0,3.59
2021-07-26 19:00,39.92,32.02,75.93,0,2.2
2021-07-26 20:00,0,27.0,74.28,0,2.36
2021-07-26 21:00,0,28.86,84.45,6.34,2.77
2021-07-26 22:00,22.03,27.25,74.49,0,2.08
2021-07-26 23:00,1.38,30.68,82.82,0,2.42
2021-07-27 00:00,0,26.83,89.57,0,2.56
2021-07-27 01:00,0,29.2,85.96,0,2.25
2021-07-27 02:00,7.55,29.51,67.79,0,2.36
2021-07-27 03:00,26.5,26.57,73.15,0,3.07
2021-07-27 04:00,0,27.04,84.88,0,1.66
2021-07-27 05:00,10.37,29.41,78.43,0,2.0
2021-07-27 06:00,79.48,28.26,83.14,0,2.2
2021-07-27 07:00,347.02,32.15,69.65,0,3.13
2021-07-27 08:00,461.71,32.02,63.42,0,3.33
2021-07-27 09:00,439.0,32.05,61.84,0,3.36
2021-07-27 10:00,511.3,32.52,60.47,0,4.82
2021-07-27 11:00,730.24,34.17,48.79,0,3.01
2021-07-27 12:00,551.29,34.45,54.29,0,2.81
2021-07-27 13:00,1126.86,34.25,59.35,1.24,2.71
2021-07-27 14:00,506.8,35.35,57.37,0,2.04
2021-07-27 15:00,870.02,34.79,51.99,0,3.14
2021-07-27 16:00,505.56,36.06,62.58,0,4.31
2021-07-27 17:00,538.27,31.82,70.13,0,3.32
2021-07-27 18:00,187.44,31.31,61.48,0,1.84
2021-07-27 19:00,38.25,31.31,73.15,0,1.24
2021-07-27 20:00,18.1,29.75,74.22,1.83,2.61
2021-07-27 21:00,0,28.78,83.98,0,1.61
2021-07-27 22:00,16.19,28.42,79.88,0,1.65
2021-07-27 23:00,0,28.45,71.98,0,2.55
2021-07-28 00:00,0,27.3,80.54,0,1.8
2021-07-28 01:00,30.08,29.43,69.41,0,2.12
2021-07-28 02:00,0,28.38,78.73,0,2.41
2021-07-28 03:00,0,30.61,76.05,0,1.69
2021-07-28 04:00,0,28.04,68.16,0,2.79
2021-07-28 05:00,13.81,25.64,72.96,0,2.61
2021-07-28 06:00,86.65,25.47,74.0,0,1.97
2021-07-28 07:00,249.29,28.3,58.11,0,2.58
2021-07-28 08:00,433.9,31.63,57.84,0,3.15
2021-07-28 09:00,756.79,34.09,52.49,0,3.03
2021-07-28 10:00,502.89,36.27,54.69,0,3.09
2021-07-28 11:00,631.98,32.93,52.7,0,2.77
2021-07-28 12:00,541.48,35.59,48.47,0,3.22
2021-07-28 13:00,591.03,33.76,61.55,0,2.23
2021-07-28 14:00,907.03,35.1,54.57,0,2.18
2021-07-28 15:00,593.25,34.72,53.44,0,3.38
2021-07-28 16:00,615.58,37.03,65.58,0,3.32
2021-07-28 17:00,291.72,32.72,60.57,0,2.89
2021-07-28 18:00,255.32,32.72,74.88,0,4.21
2021-07-28 19:00,43.23,29.41,78.16,0,3.0
2021-07-28 20:00,3.86,29.85,75.02,0,1.98
2021-07-28 21:00,9.98,28.04,83.57,0,2.48
2021-07-28 22:00,0,29.21,73.42,0,2.15
2021-07-28 23:00,14.57,26.87,75.09,0,1.15
2021-07-29 00:00,0,28.51,82.05,0,2.12
2021-07-29 01:00,9.71,27.49,72.55,0,1.91
2021-07-29 02:00,36.32,27.69,86.34,0,3.14
2021-07-29 03:00,0,26.97,59.27,0,2.29
2021-07-29 04:00,0,30.02,84.28,0,1.69
2021-07-29 05:00,0,27.94,86.28,0,2.68
2021-07-29 06:00,134.68,28.93,70.06,1.01,2.91
2021-07-29 07:00,296.54,28.27,75.47,0,3.07
2021-07-29 08:00,392.53,32.53,52.45,0,3.33
2021-07-29 09:00,571.51,34.28,56.05,0,3.45
2021-07-29 10:00,721.51,32.88,57.29,5.43,3.71
2021-07-29 11:00,565.85,31.98,45.35,0,2.77
2021-07-29 12:00,924.0,34.97,50.29,0,3.87
2021-07-29 13:00,1067.25,35.78,55.56,0,4.08
2021-07-29 14:00,817.83,34.31,48.21,0,3.98
2021-07-29 15:00,903.24,35.12,52.42,0,3.61
2021-07-29 16:00,609.21,34.03,66.29,0,3.57
2021-07-29 17:00,356.41,33.23,59.96,0,3.29
2021-07-29 18:00,246.69,32.16,62.13,0,3.07
2021-07-29 19:00,36.13,31.92,79.17,0,2.25
2021-07-29 20:00,0,29.8,91.36,0,3.27
2021-07-29 21:00,0,24.39,76.13,0,1.61
2021-07-29 22:00,0,29.03,72.47,0,1.48
2021-07-29 23:00,0,29.45,78.88,0,3.13
2021-07-30 00:00,24.77,29.03,74.88,0,2.24
2021-07-30 01:00,16.22,28.53,77.01,0,2.58
2021-07-30 02:00,9.63,25.04,69.62,0,1.93
2021-07-30 03:00,0,26.01,61.61,0,1.95
2021-07-30 04:00,3.83,28.77,73.59,0,0.72
2021-07-30 05:00,0,27.02,74.33,0,1.17
2021-07-30 06:00,115.57,27.85,75.04,0,2.79
2021-07-30 07:00,253.43,29.38,69.34,0,3.0
2021-07-30 08:00,309.31,31.35,65.27,0,2.59
2021-07-30 09:00,419.47,33.43,57.95,0,3.85
2021-07-30 10:00,760.08,33.66,51.62,0,3.14
2021-07-30 11:00,703.55,34.97,50.41,0,2.45
2021-07-30 12:00,802.68,32.67,58.08,0,4.52
2021-07-30 13:00,925.1,36.98,49.98,0,4.47
2021-07-30 14:00,920.97,35.56,53.33,0,3.85
2021-07-30 15:00,626.47,34.47,53.81,0,2.63
2021-07-30 16:00,272.48,32.32,64.04,0,2.6
2021-07-30 17:00,483.28,33.32,58.43,0,3.54
2021-07-30 18:00,267.09,33.35,65.12,0,1.56
2021-07-30 19:00,37.08,27.95,85.16,0,1.78
2021-07-30 20:00,7.09,26.47,71.39,0,1.87
2021-07-30 21:00,0,28.63,77.78,0,3.15
2021-07-30 22:00,0,28.28,69.45,0,1.46
2021-07-30 23:00,17.69,26.94,80.36,0,2.88
2021-07-31 00:00,15.27,30.15,76.23,0,1.94
2021-07-31 01:00,20.71,26.3,85.24,0,2.73
2021-07-31 02:00,8.28,27.97,64.16,0,1.46
2021-07-31 03:00,0.41,27.92,86.39,0,2.66
2021-07-31 04:00,0,28.7,83.11,0,2.34
2021-07-31 05:00,18.68,27.48,79.51,1.54,1.79
2021-07-31 06:00,78.9,29.26,71.26,0,1.37
2021-07-31 07:00,358.94,31.08,65.12,0,3.1
2021-07-31 08:00,517.21,30.97,60.42,6.04,3.94
2021-07-31 09:00,590.3,32.45,57.2,0,3.26
2021-07-31 10:00,472.4,35.08,51.21,0,2.88
2021-07-31 11:00,772.8,30.63,57.19,0,2.11
2021-07-31 12:00,861.66,34.0,54.33,0,2.65
2021-07-31 13:00,742.34,31.9,55.52,0,4.41
2021-07-31 14:00,834.84,35.4,46.63,0,3.17
2021-07-31 15:00,792.64,34.83,69.91,0,3.29
2021-07-31 16:00,456.64,36.15,62.16,0,2.32
2021-07-31 17:00,347.39,33.71,69.76,0,3.3
2021-07-31 18:00,90.14,33.32,59.93,0,2.5
2021-07-31 19:00,54.73,31.42,65.76,0,1.68
2021-07-31 20:00,23.13,27.29,86.51,0,2.5
2021-07-31 21:00,0,28.25,75.68,0,1.76
2021-07-31 22:00,0,29.36,81.42,0,3.06
2021-07-31 23:00,25.13,26.53,78.86,0,2.73
2021-08-01 00:00,0,28.22,83.59,0,3.11
2021-08-01 01:00,28.92,24.5,78.83,0,1.26
2021-08-01 02:00,19.98,26.87,72.14,0,0.92
2021-08-01 03:00,4.6,26.0,79.92,0,2.4
2021-08-01 04:00,0,26.97,75.02,0,3.25
2021-08-01 05:00,0,26.96,84.88,0,2.53
2021-08-01 06:00,76.26,25.5,81.6,0,1.43
2021-08-01 07:00,289.24,30.48,62.12,0,2.52
2021-08-01 08:00,280.68,28.64,62.87,0,3.64
2021-08-01 09:00,466.62,29.28,53.73,0,2.93
2021-08-01 10:00,419.58,32.07,47.43,0,2.39
2021-08-01 11:00,740.71,36.29,45.75,0,4.76
2021-08-01 12:00,820.41,33.68,48.23,0,4.04
2021-08-01 13:00,611.99,36.72,43.99,0,2.54
2021-08-01 14:00,891.84,31.83,35.48,0,2.93
2021-08-01 15:00,573.52,35.6,58.88,0,4.74
2021-08-01 16:00,457.65,30.16,53.82,0,3.02
2021-08-01 17:00,494.16,32.2,62.57,0,2.39
2021-08-01 18:00,246.87,30.28,69.3,0,1.69
2021-08-01 19:00,63.48,28.94,82.43,0,2.06
2021-08-01 20:00,0,27.93,77.39,7.84,1.65
2021-08-01 21:00,24.82,26.6,76.7,0,2.3
2021-08-01 22:00,1.96,29.09,75.54,0,1.75
2021-08-01 23:00,0,24.82,83.75,0,1.44
2021-08-02 00:00,0,27.45,79.71,0,1.79
2021-08-02 01:00,23.24,27.28,73.69,0,1.95
2021-08-02 02:00,0,24.85,78.86,0,1.91
2021-08-02 03:00,36.31,28.28,79.08,0,1.77
2021-08-02 04:00,2.84,24.33,75.51,0,1.28
2021-08-02 05:00,0,24.42,85.14,0,3.02
2021-08-02 06:00,78.36,26.23,72.6,0,2.48
2021-08-02 07:00,312.66,29.74,72.67,0,3.47
2021-08-02 08:00,223.41,28.87,62.64,0,1.52
2021-08-02 09:00,480.76,31.5,64.77,0,2.99
2021-08-02 10:00,772.36,30.49,49.72,0,4.13
2021-08-02 11:00,787.57,33.09,60.4,0,4.38
Timestamp,Irradiance (W/m²),Temp (°C),Humidity (%),Rain (mm),Wind (m/s)
2021-08-02 12:00,787.88,35.7,37.01,0,3.83
2021-08-02 13:00,691.25,35.51,54.4,0,3.93
2021-08-02 14:00,637.52,34.82,54.2,0,3.3
2021-08-02 15:00,862.83,34.38,64.15,0,3.41
2021-08-02 16:00,688.11,33.41,51.68,0,4.46
2021-08-02 17:00,201.97,31.64,62.31,0,2.77
2021-08-02 18:00,204.04,32.26,73.57,0,2.34
2021-08-02 19:00,49.71,28.21,82.23,0,2.33
2021-08-02 20:00,5.86,27.83,76.32,0,1.75
2021-08-02 21:00,0,27.12,74.32,0,0.87
2021-08-02 22:00,0,28.73,90.76,0,1.55
2021-08-02 23:00,21.72,26.63,68.32,0,1.44
2021-08-03 00:00,1.79,26.13,77.7,0,1.37
2021-08-03 01:00,27.36,27.79,87.29,0,2.02
2021-08-03 02:00,0,28.79,94.04,0,1.64
2021-08-03 03:00,0,28.57,86.09,0,1.33
2021-08-03 04:00,0,25.92,80.88,0,3.19
2021-08-03 05:00,10.17,26.69,87.26,0,2.61
2021-08-03 06:00,128.18,28.53,73.32,0,2.27
2021-08-03 07:00,276.92,28.5,75.67,0,2.0
2021-08-03 08:00,564.03,30.23,53.37,0,3.01
2021-08-03 09:00,678.18,27.83,63.42,0,1.98
2021-08-03 10:00,840.29,34.73,52.04,0,2.99
2021-08-03 11:00,836.33,34.63,36.61,0,3.48
2021-08-03 12:00,950.9,36.35,58.78,0,2.54
2021-08-03 13:00,898.74,34.85,49.16,0,4.15
2021-08-03 14:00,863.18,32.65,65.04,0,3.68
2021-08-03 15:00,692.62,33.81,49.28,0,3.49
2021-08-03 16:00,624.12,35.69,59.48,0,3.02
2021-08-03 17:00,371.96,31.53,60.78,0,2.9
2021-08-03 18:00,260.87,29.7,66.53,0,2.4
2021-08-03 19:00,51.8,31.5,81.4,0,2.76
2021-08-03 20:00,14.3,25.7,80.28,0,2.34
2021-08-03 21:00,17.46,27.38,77.51,0,0.7
2021-08-03 22:00,19.52,26.4,73.94,0,1.01
2021-08-03 23:00,0,25.7,79.12,0,0.76
2021-08-04 00:00,0,26.45,79.86,0,2.6
2021-08-04 01:00,0,27.0,78.77,0,3.25
2021-08-04 02:00,0,25.86,79.99,0,2.24
2021-08-04 03:00,12.39,28.47,78.03,0,3.39
2021-08-04 04:00,0,27.43,74.4,0,2.6
2021-08-04 05:00,0,26.99,86.02,0,2.16
2021-08-04 06:00,103.16,31.44,79.17,0,1.5
2021-08-04 07:00,251.38,29.26,64.3,0,3.03
2021-08-04 08:00,457.18,28.52,63.8,0,2.83
2021-08-04 09:00,508.08,32.87,53.34,0.42,3.58
2021-08-04 10:00,507.78,32.94,60.61,0,3.85
2021-08-04 11:00,750.39,32.88,50.46,4.46,3.92
2021-08-04 12:00,724.54,33.75,44.43,0,3.03
2021-08-04 13:00,844.43,33.17,40.93,0,4.66
2021-08-04 14:00,770.26,31.0,45.06,0,4.0
2021-08-04 15:00,501.27,33.06,49.62,0,3.25
2021-08-04 16:00,489.53,32.45,57.3,0,2.71
2021-08-04 17:00,453.43,29.45,77.82,0,1.89
2021-08-04 18:00,311.72,30.77,68.92,0,3.38
2021-08-04 19:00,76.17,29.28,75.37,4.57,1.94
2021-08-04 20:00,0,26.91,71.97,0,3.48
2021-08-04 21:00,15.19,29.16,70.21,0,3.01
2021-08-04 22:00,11.38,27.56,81.55,0,3.1
2021-08-04 23:00,0,27.65,72.96,0,2.11
2021-08-05 00:00,0,27.22,79.61,0,2.58
2021-08-05 01:00,30.67,24.71,76.64,0,3.43
2021-08-05 02:00,33.52,26.92,77.93,0,1.67
2021-08-05 03:00,24.38,28.17,68.85,0,1.86
2021-08-05 04:00,0,29.58,81.89,0,2.55
2021-08-05 05:00,21.34,30.59,61.8,0,1.75
2021-08-05 06:00,85.08,26.96,68.92,0,3.05
2021-08-05 07:00,304.73,28.13,69.46,0,3.25
2021-08-05 08:00,371.46,30.9,66.48,0,1.99
2021-08-05 09:00,425.36,32.03,62.66,0,4.56
2021-08-05 10:00,938.35,32.35,53.03,0,3.79
2021-08-05 11:00,650.81,32.97,55.42,0,3.86
2021-08-05 12:00,757.55,31.45,48.48,0,3.15
2021-08-05 13:00,952.98,34.36,51.01,2.06,2.68
2021-08-05 14:00,710.73,33.66,51.2,0,3.92
2021-08-05 15:00,703.92,31.97,53.82,0,2.98
2021-08-05 16:00,665.4,33.23,63.67,0,4.22
2021-08-05 17:00,362.2,30.95,65.5,0,2.65
2021-08-05 18:00,311.8,32.37,80.4,3.47,3.24
2021-08-05 19:00,42.52,32.05,67.07,0,3.25
2021-08-05 20:00,7.12,27.54,79.77,0,1.6
2021-08-05 21:00,30.03,29.3,89.17,0,1.48
2021-08-05 22:00,19.91,25.17,72.7,0,1.91
2021-08-05 23:00,6.86,25.73,88.61,0,3.15
2021-08-06 00:00,0,26.86,75.68,7.47,2.81
2021-08-06 01:00,0,28.35,76.11,0,0.99
2021-08-06 02:00,9.7,28.17,76.78,0,2.64
2021-08-06 03:00,0,27.87,69.81,0,2.7
2021-08-06 04:00,0,27.7,69.72,0,1.48
2021-08-06 05:00,0,26.61,80.56,0,1.58
2021-08-06 06:00,127.68,26.13,65.46,0,2.38
2021-08-06 07:00,280.16,28.99,54.51,0,2.07
2021-08-06 08:00,382.94,32.05,53.06,0,2.9
2021-08-06 09:00,566.65,28.31,61.74,0,3.0
2021-08-06 10:00,648.71,34.81,51.81,0,5.27
2021-08-06 11:00,710.32,35.01,50.15,0,3.39
2021-08-06 12:00,802.32,33.43,51.93,4.6,3.85
2021-08-06 13:00,923.15,36.25,50.17,0,2.6
2021-08-06 14:00,903.1,34.28,42.84,0,4.4
2021-08-06 15:00,491.8,33.83,54.0,0,3.44
2021-08-06 16:00,626.71,29.88,55.3,0,2.11
2021-08-06 17:00,403.17,31.9,71.41,0,2.79
2021-08-06 18:00,222.18,29.52,67.24,0,2.6
2021-08-06 19:00,77.54,26.68,71.3,0,2.41
2021-08-06 20:00,0,27.71,69.83,0,2.42
2021-08-06 21:00,0,25.25,82.81,0,2.3
2021-08-06 22:00,9.68,27.05,72.84,0,2.08
2021-08-06 23:00,0,31.08,70.9,0,1.84
2021-08-07 00:00,4.43,27.18,77.73,0,2.06
2021-08-07 01:00,10.2,29.36,75.54,0,0.33
2021-08-07 02:00,10.57,26.96,75.24,0,2.75
2021-08-07 03:00,0,28.34,80.97,0,1.74
2021-08-07 04:00,8.6,28.99,83.28,0,2.56
2021-08-07 05:00,1.26,26.12,85.04,0,2.01
2021-08-07 06:00,86.2,25.57,83.64,0,1.49
2021-08-07 07:00,164.9,30.33,69.49,0,2.02
2021-08-07 08:00,474.38,31.51,69.76,0,3.14
2021-08-07 09:00,676.09,30.13,68.19,0,3.04
2021-08-07 10:00,626.01,33.35,52.59,0,3.29
2021-08-07 11:00,759.13,35.66,51.03,0,4.42
2021-08-07 12:00,649.35,34.32,52.49,0,5.04
2021-08-07 13:00,721.84,35.72,53.02,0,3.5
2021-08-07 14:00,535.49,32.24,58.38,0,3.48
2021-08-07 15:00,409.92,31.43,48.79,0,2.53
2021-08-07 16:00,557.9,33.29,55.1,0,2.99
2021-08-07 17:00,378.0,32.58,69.82,0,3.37
2021-08-07 18:00,182.88,32.38,75.11,0,3.68
2021-08-07 19:00,60.16,30.27,68.14,0,4.43
2021-08-07 20:00,0,26.93,79.65,0,1.22
2021-08-07 21:00,0,27.34,73.27,0,1.79
2021-08-07 22:00,14.59,26.51,78.33,0,3.22
2021-08-07 23:00,0,29.12,79.97,0,2.33
2021-08-08 00:00,27.11,28.26,72.71,0,2.12
2021-08-08 01:00,32.41,28.77,72.52,0,3.18
2021-08-08 02:00,15.23,24.74,79.41,0,1.98
2021-08-08 03:00,0,25.61,88.47,0,2.28
2021-08-08 04:00,12.55,26.01,74.45,0,3.27
2021-08-08 05:00,0,25.7,81.89,0,2.83
2021-08-08 06:00,82.88,28.5,73.66,0,3.14
2021-08-08 07:00,284.71,28.32,53.54,0,3.28
2021-08-08 08:00,454.42,28.64,66.49,0,2.55
2021-08-08 09:00,572.16,30.32,57.02,0,3.22
2021-08-08 10:00,428.47,29.52,53.86,0,3.03
2021-08-08 11:00,918.59,34.08,44.33,0,3.4
2021-08-08 12:00,766.19,32.99,51.73,0,3.03
2021-08-08 13:00,886.03,32.11,45.76,0,3.9
2021-08-08 14:00,500.24,36.54,51.59,0,3.03
2021-08-08 15:00,822.26,34.26,55.04,0,1.84
2021-08-08 16:00,709.57,33.75,60.08,0,3.34
2021-08-08 17:00,317.1,32.17,61.19,0,3.01
2021-08-08 18:00,186.2,31.3,61.65,0,3.3
2021-08-08 19:00,49.79,30.21,79.82,0,1.91
2021-08-08 20:00,0,27.17,90.86,0,2.6
2021-08-08 21:00,0,28.96,81.46,0,1.34
2021-08-08 22:00,0,27.21,94.15,0,1.39
2021-08-08 23:00,7.49,25.13,83.89,0,2.92
2021-08-09 00:00,34.59,25.4,77.3,0,2.46
2021-08-09 01:00,0,25.07,82.65,0,1.38
2021-08-09 02:00,0,27.19,80.54,0,1.55
2021-08-09 03:00,27.8,27.41,80.13,0,2.06
2021-08-09 04:00,0,24.97,80.43,0,2.3
2021-08-09 05:00,0,28.78,78.31,0,3.42
2021-08-09 06:00,65.85,26.45,88.66,0,1.78
2021-08-09 07:00,351.91,30.01,66.24,0,2.52
2021-08-09 08:00,417.7,28.87,63.07,0,2.38
2021-08-09 09:00,522.59,31.58,60.23,0,3.21
2021-08-09 10:00,813.29,34.82,48.08,0,3.92
2021-08-09 11:00,768.21,32.49,67.43,0,4.0
2021-08-09 12:00,1057.78,32.99,49.09,0,4.1
2021-08-09 13:00,879.56,34.06,46.84,0,3.66
2021-08-09 14:00,710.05,33.33,55.64,0,4.11
2021-08-09 15:00,686.07,33.76,50.48,0,4.16
2021-08-09 16:00,549.27,31.02,58.59,0,3.71
2021-08-09 17:00,316.06,30.71,58.02,0,3.52
2021-08-09 18:00,296.14,31.96,68.12,0,1.59
2021-08-09 19:00,50.9,27.08,71.44,0,1.82
2021-08-09 20:00,18.13,27.83,79.43,4.14,1.7
2021-08-09 21:00,12.01,25.09,83.46,1.52,2.06
2021-08-09 22:00,28.58,26.64,79.82,0,1.36
2021-08-09 23:00,11.34,27.91,83.35,0,2.24
2021-08-10 00:00,0,25.63,75.76,0,1.88
2021-08-10 01:00,0,29.02,86.84,7.15,1.27
2021-08-10 02:00,14.28,26.46,82.8,0,2.47
2021-08-10 03:00,18.79,26.9,80.61,0,2.5
2021-08-10 04:00,15.84,26.53,86.41,0,3.74
2021-08-10 05:00,0,29.81,67.55,0,3.05
2021-08-10 06:00,76.13,27.61,75.94,0,2.28
2021-08-10 07:00,324.69,27.48,63.71,0,2.49
2021-08-10 08:00,575.57,27.5,66.14,0,3.5
2021-08-10 09:00,520.08,31.25,58.75,0,3.31
2021-08-10 10:00,834.96,31.69,55.46,0,4.03
2021-08-10 11:00,925.89,30.73,62.43,0,3.06
2021-08-10 12:00,809.01,34.39,49.33,0,2.72
2021-08-10 13:00,1017.65,34.91,54.61,0,4.28
2021-08-10 14:00,595.05,36.8,41.8,0,3.26
2021-08-10 15:00,645.77,32.99,46.2,0,1.81
2021-08-10 16:00,562.9,32.43,64.08,0,1.89
2021-08-10 17:00,453.93,29.44,64.89,0,3.21
2021-08-10 18:00,230.19,30.88,80.95,0,3.0
2021-08-10 19:00,25.39,28.01,82.79,0,1.37
2021-08-10 20:00,2.97,23.68,77.62,0,0.95
2021-08-10 21:00,14.58,25.67,78.73,0,1.76
2021-08-10 22:00,13.23,28.48,71.67,0,3.02
2021-08-10 23:00,2.26,30.17,78.56,0,2.36
2021-08-11 00:00,4.15,27.56,76.89,0,2.68
2021-08-11 01:00,0,26.98,77.61,0,2.51
2021-08-11 02:00,0,26.58,83.86,0,1.4
2021-08-11 03:00,0,27.92,68.81,0,0.79
2021-08-11 04:00,1.59,26.94,80.2,0,2.34
2021-08-11 05:00,0,25.54,85.85,0,2.88
2021-08-11 06:00,108.97,27.31,69.4,0,1.43
2021-08-11 07:00,349.03,29.99,66.5,0,1.95
2021-08-11 08:00,391.55,30.07,64.95,0,3.32
2021-08-11 09:00,658.15,31.64,56.03,0,3.65
2021-08-11 10:00,545.13,33.75,47.6,0,2.78
2021-08-11 11:00,884.62,34.05,54.63,0,2.8
2021-08-11 12:00,714.84,34.25,53.04,0,3.31
2021-08-11 13:00,555.19,34.72,54.9,0,3.65
2021-08-11 14:00,798.46,32.41,59.45,0,3.81
2021-08-11 15:00,943.4,32.17,61.82,0,4.13
2021-08-11 16:00,272.79,33.9,52.15,0,2.69
2021-08-11 17:00,408.0,27.47,57.94,0,3.83
2021-08-11 18:00,166.41,33.29,67.47,0,3.24
2021-08-11 19:00,75.0,28.52,75.53,0,3.34
2021-08-11 20:00,11.83,28.29,77.8,4.21,1.67
2021-08-11 21:00,0,27.67,88.43,0,1.95
2021-08-11 22:00,0,26.34,71.82,0,3.16
2021-08-11 23:00,0,25.9,75.44,0.42,3.42
2021-08-12 00:00,23.62,28.21,79.68,0,2.19
2021-08-12 01:00,0,28.39,75.54,0,3.56
2021-08-12 02:00,0,28.02,80.45,0,2.51
2021-08-12 03:00,11.06,27.51,72.46,0,2.31
2021-08-12 04:00,0,27.67,77.44,0,2.01
2021-08-12 05:00,0,26.12,74.53,0,3.03
2021-08-12 06:00,101.43,25.8,73.11,0,1.47
2021-08-12 07:00,295.08,28.59,73.16,0,2.18
2021-08-12 08:00,527.94,32.47,59.09,0,2.35
2021-08-12 09:00,542.92,31.69,43.86,0,2.64
2021-08-12 10:00,683.94,32.17,58.26,0,4.1
2021-08-12 11:00,643.82,32.83,51.57,0,2.93
2021-08-12 12:00,543.21,35.01,45.39,0.53,4.18
2021-08-12 13:00,1025.59,34.59,48.55,0,4.46
2021-08-12 14:00,561.45,32.7,43.16,1.72,4.31
2021-08-12 15:00,505.53,33.36,49.6,0,2.22
2021-08-12 16:00,737.63,34.26,59.35,0,3.22
2021-08-12 17:00,403.32,31.04,67.56,0,3.21
2021-08-12 18:00,194.18,31.01,71.16,0,3.91
2021-08-12 19:00,61.91,27.42,80.35,0,1.33
2021-08-12 20:00,0,26.37,75.1,0,1.96
2021-08-12 21:00,0,25.12,73.09,0,2.29
2021-08-12 22:00,0,26.26,72.8,0,2.77
2021-08-12 23:00,0,27.16,70.55,2.49,2.44
2021-08-13 00:00,0,26.68,76.79,0,2.96
2021-08-13 01:00,0,25.81,83.61,0,2.12
2021-08-13 02:00,0,26.59,72.25,5.28,1.53
2021-08-13 03:00,0,29.01,79.11,0,1.65
2021-08-13 04:00,17.03,28.87,73.66,0,1.19
2021-08-13 05:00,0,25.42,79.16,0,1.36
2021-08-13 06:00,155.69,25.8,81.6,0,3.69
2021-08-13 07:00,255.39,29.57,79.59,0,3.71
2021-08-13 08:00,385.19,31.17,53.77,0,3.36
2021-08-13 09:00,663.93,29.92,56.0,0,3.4
2021-08-13 10:00,537.08,34.82,58.53,0,4.34
2021-08-13 11:00,1048.9,35.43,38.44,0,5.09
2021-08-13 12:00,806.5,32.69,51.99,0,4.37
2021-08-13 13:00,581.98,33.09,42.93,0,3.2
2021-08-13 14:00,730.48,34.94,48.39,0,3.34
2021-08-13 15:00,715.1,35.56,62.18,0,2.91
2021-08-13 16:00,474.01,31.16,59.99,0,2.86
2021-08-13 17:00,443.17,32.15,62.59,6.28,3.13
2021-08-13 18:00,250.46,30.54,78.19,0,2.89
2021-08-13 19:00,38.23,28.46,75.75,0,2.03
2021-08-13 20:00,0,24.38,72.64,0,1.49
2021-08-13 21:00,26.09,27.81,83.19,0,2.71
2021-08-13 22:00,4.43,26.39,81.97,0,2.24
2021-08-13 23:00,0,26.29,85.87,0,1.73
2021-08-14 00:00,6.98,30.08,73.83,0,2.22
2021-08-14 01:00,43.73,26.56,71.26,0,1.64
2021-08-14 02:00,0,26.94,79.74,4.11,1.76
2021-08-14 03:00,0,29.76,79.23,6.21,2.17
2021-08-14 04:00,0,28.45,71.01,0,1.98
2021-08-14 05:00,2.73,24.7,72.28,0,2.52
2021-08-14 06:00,141.47,28.43,74.18,0,2.15
2021-08-14 07:00,275.26,30.99,70.02,0,3.85
2021-08-14 08:00,397.56,30.55,62.8,0,3.12
2021-08-14 09:00,647.4,32.18,63.28,0,3.45
2021-08-14 10:00,723.81,31.19,49.79,0,3.96
2021-08-14 11:00,717.89,32.86,50.85,0,2.97
2021-08-14 12:00,810.63,36.27,46.35,0,3.21
2021-08-14 13:00,980.63,36.31,48.29,0,3.68
2021-08-14 14:00,809.2,33.64,55.89,0,4.1
2021-08-14 15:00,701.07,32.3,47.2,0,4.36
2021-08-14 16:00,392.93,31.57,53.73,0,3.03
2021-08-14 17:00,406.17,32.95,65.41,0,2.68
2021-08-14 18:00,261.92,31.26,65.62,1.73,2.92
2021-08-14 19:00,53.16,29.41,71.04,4.91,2.12
2021-08-14 20:00,0,29.29,71.99,0,2.23
2021-08-14 21:00,9.17,25.59,69.29,0,2.7
2021-08-14 22:00,3.04,25.17,84.2,0,3.24
2021-08-14 23:00,0,27.44,71.4,0,1.85
2021-08-15 00:00,20.21,27.71,76.55,6.42,2.48
2021-08-15 01:00,0.01,28.88,74.86,0,2.8
2021-08-15 02:00,20.17,27.55,67.29,0,2.84
2021-08-15 03:00,0,28.06,80.89,0,2.9
2021-08-15 04:00,9.79,24.13,79.44,0,3.74
2021-08-15 05:00,0,29.03,77.15,0,2.43
2021-08-15 06:00,78.78,27.53,72.51,0,2.96
2021-08-15 07:00,228.06,29.23,77.44,0,2.96
2021-08-15 08:00,468.56,30.19,60.78,0,2.98
2021-08-15 09:00,491.7,28.83,52.15,0,4.16
2021-08-15 10:00,749.14,30.85,56.5,0,3.18
2021-08-15 11:00,667.74,31.93,43.67,0,2.51
2021-08-15 12:00,985.2,33.05,55.39,0,1.84
2021-08-15 13:00,736.12,33.39,63.59,0,4.13
2021-08-15 14:00,576.17,34.47,45.2,0,2.68
2021-08-15 15:00,687.39,34.2,55.64,0,3.28
2021-08-15 16:00,793.42,33.07,60.21,0,3.35
2021-08-15 17:00,296.21,30.65,55.74,0,3.5
2021-08-15 18:00,247.33,28.49,71.38,0,2.46
2021-08-15 19:00,26.58,30.08,76.85,0,3.48
2021-08-15 20:00,8.19,27.83,80.96,0,2.68
2021-08-15 21:00,0,28.43,85.51,0,1.68
2021-08-15 22:00,5.91,24.45,73.26,0,1.02
2021-08-15 23:00,0,28.09,81.01,0,2.61
2021-08-16 00:00,6.83,23.23,86.17,0,1.39
2021-08-16 01:00,29.76,25.2,81.03,0,2.23
2021-08-16 02:00,0,26.96,74.88,3.51,1.42
2021-08-16 03:00,24.35,29.23,89.33,0,1.46
2021-08-16 04:00,13.23,26.82,75.07,0,2.95
2021-08-16 05:00,0,23.78,87.44,0,2.52
2021-08-16 06:00,117.85,24.29,78.34,0,2.0
2021-08-16 07:00,286.48,31.34,80.78,0,1.88
2021-08-16 08:00,341.15,28.81,69.2,0,2.24
2021-08-16 09:00,505.44,29.6,62.06,0,3.61
2021-08-16 10:00,932.53,30.0,48.46,0,3.21
2021-08-16 11:00,672.45,34.08,55.19,0,2.58
2021-08-16 12:00,798.8,31.98,46.33,0,3.62
2021-08-16 13:00,739.03,35.59,54.01,0,3.3
2021-08-16 14:00,521.31,35.81,47.85,0,3.96
2021-08-16 15:00,441.26,32.98,67.34,0,2.42
2021-08-16 16:00,553.91,32.71,57.88,0,4.06
2021-08-16 17:00,441.01,29.69,66.68,0,2.43
2021-08-16 18:00,223.23,28.79,72.3,0,4.08
2021-08-16 19:00,62.14,28.26,74.92,0,2.51
2021-08-16 20:00,0,25.8,77.79,0,0.99
2021-08-16 21:00,0,25.74,83.69,0,1.86
2021-08-16 22:00,0,28.2,70.59,0,3.17
2021-08-16 23:00,9.75,27.04,67.76,0,3.38
2021-08-17 00:00,10.27,27.95,69.02,0,2.65
2021-08-17 01:00,33.83,26.1,78.0,4.51,2.14
2021-08-17 02:00,10.89,25.98,80.31,0,1.34
2021-08-17 03:00,0,27.22,80.16,0,2.74
2021-08-17 04:00,20.02,27.43,72.27,0,1.89
2021-08-17 05:00,28.26,29.01,78.15,0,1.62
2021-08-17 06:00,129.78,28.25,79.27,0,3.19
2021-08-17 07:00,214.5,26.52,57.8,0,2.83
2021-08-17 08:00,506.23,29.84,69.77,0,3.06
2021-08-17 09:00,632.8,30.34,55.46,0,3.91
2021-08-17 10:00,967.76,32.26,63.64,0,3.74
2021-08-17 11:00,882.39,34.38,53.41,0,4.04
2021-08-17 12:00,607.22,32.85,57.28,5.81,3.79
2021-08-17 13:00,869.83,30.82,51.09,0,2.8
2021-08-17 14:00,905.83,34.11,55.23,0,3.92
2021-08-17 15:00,766.28,30.2,52.84,0,3.86
2021-08-17 16:00,528.78,36.07,60.86,0,2.57
2021-08-17 17:00,360.15,32.56,65.53,0,4.13
2021-08-17 18:00,244.73,30.76,61.55,0,2.59
2021-08-17 19:00,60.33,29.3,74.63,0,1.12
2021-08-17 20:00,3.14,26.32,75.89,0,2.32
2021-08-17 21:00,0,26.2,74.79,2.26,2.95
2021-08-17 22:00,13.48,26.06,72.37,0,3.72
2021-08-17 23:00,0,26.36,84.19,0,1.73
2021-08-18 00:00,2.28,25.86,81.59,0,2.59
2021-08-18 01:00,17.9,26.77,78.65,0,2.87
2021-08-18 02:00,0,28.5,62.77,0,2.88
2021-08-18 03:00,0,27.07,83.24,0,2.95
2021-08-18 04:00,0,27.28,88.19,0,1.96
2021-08-18 05:00,9.27,28.07,72.38,5.55,1.91
2021-08-18 06:00,60.6,25.75,73.34,0,1.89
2021-08-18 07:00,165.43,28.73,71.06,0,2.69
2021-08-18 08:00,453.46,30.33,59.3,0,3.39
2021-08-18 09:00,488.83,31.43,54.66,0,3.47
2021-08-18 10:00,930.16,31.09,52.26,0,2.95
2021-08-18 11:00,755.49,32.27,43.16,0,3.49
2021-08-18 12:00,861.32,32.83,49.51,0,3.51
2021-08-18 13:00,997.57,35.67,62.93,0,3.06
2021-08-18 14:00,709.93,31.04,50.19,3.39,3.75
2021-08-18 15:00,653.98,33.14,58.41,0,4.43
2021-08-18 16:00,579.45,31.68,59.75,0,2.75
2021-08-18 17:00,395.61,29.01,62.52,0,4.22
2021-08-18 18:00,256.43,29.21,65.81,0,1.63
2021-08-18 19:00,59.41,29.4,75.81,0,1.72
2021-08-18 20:00,19.27,24.82,72.67,0,2.33
2021-08-18 21:00,0,29.68,84.16,0,1.45
2021-08-18 22:00,27.41,27.65,77.82,0,2.45
2021-08-18 23:00,11.22,26.06,79.56,0,2.06
2021-08-19 00:00,9.85,26.18,84.26,0,1.57
2021-08-19 01:00,0,28.12,75.24,0,2.99
2021-08-19 02:00,0,30.48,73.99,0,1.88
2021-08-19 03:00,0,26.35,80.21,0,1.17
2021-08-19 04:00,6.57,28.41,78.91,0,1.66
2021-08-19 05:00,5.2,28.87,92.21,0,2.18
2021-08-19 06:00,107.3,28.62,75.24,0,2.97
2021-08-19 07:00,287.49,29.8,68.27,0,4.28
2021-08-19 08:00,378.33,29.85,63.1,0,2.99
2021-08-19 09:00,461.19,31.0,66.89,0,2.06
2021-08-19 10:00,790.25,29.52,56.05,0,3.55
2021-08-19 11:00,854.23,33.9,56.97,0,4.56
2021-08-19 12:00,717.71,34.12,48.42,0,3.99
2021-08-19 13:00,732.8,32.83,53.13,6.71,4.59
2021-08-19 14:00,675.06,33.01,39.29,0,4.39
2021-08-19 15:00,745.65,32.77,59.56,6.62,2.55
2021-08-19 16:00,724.55,33.94,62.34,0,3.48
2021-08-19 17:00,328.82,33.7,64.48,0,2.89
2021-08-19 18:00,267.59,28.19,66.26,0,2.28
2021-08-19 19:00,70.17,30.31,79.56,0,3.15
2021-08-19 20:00,0,27.29,83.69,0,2.12
2021-08-19 21:00,13.46,25.16,81.18,0,1.94
2021-08-19 22:00,4.41,26.74,74.39,0,2.0
2021-08-19 23:00,14.12,29.88,80.22,0,2.72
2021-08-20 00:00,20.8,25.78,75.36,0,1.26
2021-08-20 01:00,2.42,26.64,81.01,0,1.6
2021-08-20 02:00,27.16,25.43,86.98,0,2.49
2021-08-20 03:00,0,26.93,78.72,0,1.91
2021-08-20 04:00,20.19,27.73,78.58,0,2.35
2021-08-20 05:00,0,26.25,72.24,5.64,2.85
2021-08-20 06:00,91.1,28.57,75.12,0,2.18
2021-08-20 07:00,305.95,28.33,64.82,6.49,2.8
2021-08-20 08:00,553.03,28.9,65.27,0,3.0
2021-08-20 09:00,460.68,33.42,52.98,0,5.04
2021-08-20 10:00,634.32,30.97,53.75,0,4.16
2021-08-20 11:00,837.98,33.65,62.43,0,2.94
2021-08-20 12:00,709.23,36.3,48.38,0,2.81
2021-08-20 13:00,479.76,33.76,51.36,0,2.43
2021-08-20 14:00,755.76,35.7,61.85,0,4.05
2021-08-20 15:00,627.95,33.95,55.19,0,4.5
2021-08-20 16:00,649.61,31.59,64.67,0,2.73
2021-08-20 17:00,518.21,29.03,61.47,0,1.79
2021-08-20 18:00,199.51,32.02,77.8,0,3.1
2021-08-20 19:00,43.53,29.68,82.66,0,2.64
2021-08-20 20:00,0,25.01,71.54,0,1.5
2021-08-20 21:00,0,25.4,85.43,0,1.68
2021-08-20 22:00,11.47,25.74,80.16,0,1.69
2021-08-20 23:00,0,28.82,92.78,0,2.58
2021-08-21 00:00,23.34,27.85,72.21,0,2.07
2021-08-21 01:00,21.08,24.94,83.24,0,2.25
2021-08-21 02:00,13.2,23.21,79.32,0,2.28
2021-08-21 03:00,0,29.12,69.41,0,1.44
2021-08-21 04:00,14.61,26.05,84.39,0,2.64
2021-08-21 05:00,0,26.71,76.44,0,1.84
2021-08-21 06:00,60.87,27.89,85.2,0,2.16
2021-08-21 07:00,265.53,29.75,62.86,0,2.75
2021-08-21 08:00,449.87,29.64,67.15,0,2.59
2021-08-21 09:00,596.85,31.72,54.07,0,4.16
2021-08-21 10:00,719.59,32.45,49.5,0,4.42
2021-08-21 11:00,623.2,32.15,48.89,0,5.47
2021-08-21 12:00,829.16,35.07,41.71,0,3.42
2021-08-21 13:00,778.06,34.61,58.75,0,3.54
2021-08-21 14:00,1042.27,36.85,58.44,0,3.47
2021-08-21 15:00,668.43,32.98,47.77,0,2.25
2021-08-21 16:00,598.74,32.95,63.42,0,1.85
2021-08-21 17:00,412.45,34.18,59.45,0,3.5
2021-08-21 18:00,306.63,30.51,65.36,0,1.41
2021-08-21 19:00,51.86,27.92,75.43,0,2.36
2021-08-21 20:00,10.33,23.67,68.45,0,2.22
2021-08-21 21:00,0,27.49,75.77,0,3.27
2021-08-21 22:00,0,26.29,83.24,0,2.84
2021-08-21 23:00,0,28.34,68.4,0,2.47
2021-08-22 00:00,0,26.99,79.54,0,3.17
2021-08-22 01:00,0,26.48,82.58,0,4.15
2021-08-22 02:00,15.13,26.83,76.69,0,2.53
2021-08-22 03:00,0,29.07,93.98,0,2.48
2021-08-22 04:00,0.76,27.7,76.48,0,2.39
2021-08-22 05:00,11.08,31.58,74.6,0,2.01
2021-08-22 06:00,57.9,25.75,78.39,0,1.55
2021-08-22 07:00,228.56,30.29,78.42,0,3.6
2021-08-22 08:00,413.92,28.83,61.53,0,2.23
2021-08-22 09:00,582.06,30.05,61.25,0,3.07
2021-08-22 10:00,802.86,31.64,54.85,0,2.73
2021-08-22 11:00,640.1,33.08,45.92,0,2.89
2021-08-22 12:00,1026.3,31.86,44.4,0,3.45
2021-08-22 13:00,674.41,33.28,55.14,0,4.05
2021-08-22 14:00,575.82,31.0,48.06,0,3.95
2021-08-22 15:00,567.91,32.67,67.38,0,2.83
2021-08-22 16:00,640.13,32.98,65.5,0,1.53
2021-08-22 17:00,542.97,27.64,61.32,0,2.94
2021-08-22 18:00,309.96,31.2,75.74,0,2.8
2021-08-22 19:00,29.8,26.3,88.34,3.4,2.25
2021-08-22 20:00,28.5,28.88,85.16,0,2.05
2021-08-22 21:00,0,27.29,76.39,0,2.88
2021-08-22 22:00,0,26.63,70.97,0,1.88
2021-08-22 23:00,8.54,27.93,82.57,0,1.16
2021-08-23 00:00,16.22,25.23,89.2,0,2.28
2021-08-23 01:00,0,26.54,83.63,0,1.72
2021-08-23 02:00,15.03,24.52,81.6,0,1.34
2021-08-23 03:00,0.72,26.15,76.99,0,2.68
2021-08-23 04:00,11.34,27.83,76.8,0,1.46
2021-08-23 05:00,0,29.38,76.86,0,1.83
2021-08-23 06:00,126.86,28.02,75.53,0,1.9
2021-08-23 07:00,283.64,26.56,74.71,0,2.69
Timestamp,Irradiance (W/m²),Temp (°C),Humidity (%),Rain (mm),Wind (m/s)
2021-08-23 08:00,410.23,31.93,72.61,0,2.02
2021-08-23 09:00,405.64,31.58,54.24,0,3.21
2021-08-23 10:00,370.53,31.83,58.34,0,3.27
2021-08-23 11:00,516.94,31.22,47.24,0,4.24
2021-08-23 12:00,533.47,35.31,41.45,0,3.76
2021-08-23 13:00,680.73,32.7,54.65,4.47,4.05
2021-08-23 14:00,969.18,36.6,40.48,4.58,3.6
2021-08-23 15:00,560.61,31.04,52.26,0,3.01
2021-08-23 16:00,570.89,31.06,54.25,0,3.7
2021-08-23 17:00,296.42,32.76,62.13,0,2.9
2021-08-23 18:00,262.28,28.48,71.77,0,2.21
2021-08-23 19:00,37.3,29.7,79.85,0,2.52
2021-08-23 20:00,20.3,25.2,74.66,0,3.32
2021-08-23 21:00,2.03,26.03,80.84,0,1.29
2021-08-23 22:00,0.09,25.6,73.84,0,1.36
2021-08-23 23:00,14.49,26.62,81.05,0,1.81
2021-08-24 00:00,0,23.16,84.07,0,1.59
2021-08-24 01:00,20.04,26.73,79.15,0,2.42
2021-08-24 02:00,38.61,25.0,80.99,0,2.7
2021-08-24 03:00,1.01,25.96,72.73,0,2.19
2021-08-24 04:00,9.16,25.49,73.04,0,2.86
2021-08-24 05:00,7.86,24.14,75.3,0,1.94
2021-08-24 06:00,62.28,27.63,64.68,0,3.09
2021-08-24 07:00,300.31,28.0,71.9,0,3.2
2021-08-24 08:00,412.67,28.96,65.58,0,3.07
2021-08-24 09:00,697.65,31.23,63.48,0,1.49
2021-08-24 10:00,480.94,33.15,63.23,0,3.05
2021-08-24 11:00,668.27,32.04,47.65,0,3.45
2021-08-24 12:00,1057.8,34.71,52.89,0,2.58
2021-08-24 13:00,708.66,34.75,58.73,0,3.98
2021-08-24 14:00,590.77,33.44,59.96,0,4.4
2021-08-24 15:00,545.77,34.75,57.47,0,3.28
2021-08-24 16:00,521.47,32.78,52.94,0,3.56
2021-08-24 17:00,341.76,32.11,64.47,0,3.85
2021-08-24 18:00,249.55,30.21,71.33,0,3.74
2021-08-24 19:00,35.26,27.74,84.28,0,1.08
2021-08-24 20:00,0,25.37,79.32,0,1.72
2021-08-24 21:00,0,29.49,80.99,0,2.25
2021-08-24 22:00,12.6,28.76,80.19,0,2.07
2021-08-24 23:00,0,27.15,67.27,0,2.17
2021-08-25 00:00,1.18,25.38,70.7,0,3.4
2021-08-25 01:00,0,26.47,79.46,0,1.95
2021-08-25 02:00,0,27.03,67.76,0,2.07
2021-08-25 03:00,21.57,25.32,76.63,0,1.98
2021-08-25 04:00,18.63,26.02,67.6,0,3.11
2021-08-25 05:00,33.76,27.11,82.26,0,2.26
2021-08-25 06:00,103.42,26.39,70.06,0,1.76
2021-08-25 07:00,325.66,28.37,77.4,0,1.74
2021-08-25 08:00,406.59,30.44,64.12,0,3.69
2021-08-25 09:00,679.58,30.57,55.48,0,3.81
2021-08-25 10:00,662.4,31.48,56.21,0,3.62
2021-08-25 11:00,643.17,35.77,40.8,0,4.12
2021-08-25 12:00,1031.21,33.74,44.24,0,3.31
2021-08-25 13:00,696.69,35.88,53.39,0,3.92
2021-08-25 14:00,737.96,33.86,48.87,0,2.68
2021-08-25 15:00,774.55,34.22,65.6,0,3.32
2021-08-25 16:00,544.13,32.36,59.26,0,2.09
2021-08-25 17:00,275.09,34.37,67.54,0,2.3
2021-08-25 18:00,345.39,32.15,74.47,0,0.93
2021-08-25 19:00,37.22,31.14,74.93,0,2.63
2021-08-25 20:00,0,28.29,85.67,0,3.37
2021-08-25 21:00,17.67,25.36,73.7,0,2.72
2021-08-25 22:00,37.32,29.41,75.86,0,2.8
2021-08-25 23:00,8.28,27.57,72.87,0,2.21
2021-08-26 00:00,0,25.87,87.46,0,2.34
2021-08-26 01:00,27.64,24.61,83.59,0,2.4
2021-08-26 02:00,0,30.19,79.2,0,2.54
2021-08-26 03:00,0,27.65,82.6,0,1.52
2021-08-26 04:00,0,26.36,84.26,0,2.91
2021-08-26 05:00,0,28.55,76.56,0,1.42
2021-08-26 06:00,73.01,27.15,77.91,0,2.42
2021-08-26 07:00,257.79,29.86,70.74,0,2.49
2021-08-26 08:00,400.15,28.37,77.13,0,2.1
2021-08-26 09:00,602.41,29.81,62.17,0,3.82
2021-08-26 10:00,877.18,35.72,56.81,0,3.93
2021-08-26 11:00,721.22,34.09,61.8,0,3.89
2021-08-26 12:00,888.15,32.46,50.66,0,4.07
2021-08-26 13:00,942.69,34.31,44.83,0,3.08
2021-08-26 14:00,804.67,35.04,49.4,0,3.56
2021-08-26 15:00,398.54,33.48,50.27,0,2.55
2021-08-26 16:00,565.76,31.11,65.51,0,3.57
2021-08-26 17:00,339.02,31.69,59.46,0,2.75
2021-08-26 18:00,254.82,30.92,69.87,0,1.92
2021-08-26 19:00,105.68,27.04,80.3,0,3.55
2021-08-26 20:00,3.07,25.76,84.46,0,2.74
2021-08-26 21:00,5.31,25.65,79.79,0,3.88
2021-08-26 22:00,5.87,28.08,85.34,0,2.85
2021-08-26 23:00,24.81,29.92,68.84,0,1.32
2021-08-27 00:00,0,26.07,90.36,0,2.82
2021-08-27 01:00,27.86,29.67,82.57,0,2.2
2021-08-27 02:00,37.75,24.12,68.1,3.34,3.01
2021-08-27 03:00,2.99,24.29,82.26,0,2.04
2021-08-27 04:00,0,27.99,88.66,7.71,1.96
2021-08-27 05:00,21.08,28.72,81.24,0,2.06
2021-08-27 06:00,75.37,27.75,75.01,0,3.16
2021-08-27 07:00,192.87,29.4,67.65,0,3.05
2021-08-27 08:00,452.28,33.56,61.13,0,2.72
2021-08-27 09:00,213.81,33.64,63.03,0,3.79
2021-08-27 10:00,506.75,33.23,44.3,0,5.42
2021-08-27 11:00,422.08,32.1,43.51,0,4.7
2021-08-27 12:00,536.83,31.94,54.14,0,3.48
2021-08-27 13:00,534.28,35.13,44.03,0,3.65
2021-08-27 14:00,666.44,36.02,58.36,0,2.66
2021-08-27 15:00,632.78,32.72,56.71,0,2.36
2021-08-27 16:00,459.86,29.14,57.44,0,2.46
2021-08-27 17:00,453.35,27.92,61.56,0,2.78
2021-08-27 18:00,280.27,31.59,66.54,0,2.6
2021-08-27 19:00,60.67,26.15,69.86,0,1.91
2021-08-27 20:00,0,27.39,69.21,4.58,3.87
2021-08-27 21:00,32.96,28.96,81.11,0,1.13
2021-08-27 22:00,33.24,24.75,91.43,0,1.99
2021-08-27 23:00,0,28.19,77.12,0,3.44
2021-08-28 00:00,0,26.34,83.47,0,2.74
2021-08-28 01:00,10.07,25.94,70.67,0,1.43
2021-08-28 02:00,33.48,28.93,83.71,0,1.88
2021-08-28 03:00,6.9,28.36,77.13,0,3.29
2021-08-28 04:00,0,27.11,62.82,0,2.91
2021-08-28 05:00,23.48,25.74,68.63,0,1.76
2021-08-28 06:00,125.58,27.21,77.29,0,2.88
2021-08-28 07:00,292.64,31.37,62.69,0,2.56
2021-08-28 08:00,284.93,31.53,51.34,0,2.75
2021-08-28 09:00,592.07,31.49,65.23,0,3.5
2021-08-28 10:00,704.22,34.68,39.16,0,3.64
2021-08-28 11:00,533.09,33.56,51.42,0,3.77
2021-08-28 12:00,673.1,31.99,47.64,0,4.23
2021-08-28 13:00,896.56,31.75,60.14,0,3.53
2021-08-28 14:00,467.66,33.71,57.66,0,4.17
2021-08-28 15:00,650.81,36.29,62.78,0,4.48
2021-08-28 16:00,542.09,35.45,71.29,0,2.42
2021-08-28 17:00,370.93,34.01,56.63,0,2.26
2021-08-28 18:00,232.12,31.97,69.48,0,3.54
2021-08-28 19:00,20.95,29.03,79.92,0,2.16
2021-08-28 20:00,0,25.26,87.87,0,2.09
2021-08-28 21:00,0,25.09,87.15,0,1.83
2021-08-28 22:00,1.62,31.11,71.82,0,1.37
2021-08-28 23:00,0,25.8,66.9,0,1.59
2021-08-29 00:00,17.65,26.45,73.26,4.92,2.04
2021-08-29 01:00,36.18,29.82,72.44,0,1.64
2021-08-29 02:00,0,24.97,71.97,0,2.62
2021-08-29 03:00,0,27.02,90.29,0,3.1
2021-08-29 04:00,0,25.06,83.08,0,2.03
2021-08-29 05:00,0,28.86,83.12,0,1.63
2021-08-29 06:00,104.66,29.12,74.04,0,2.38
2021-08-29 07:00,342.26,29.26,70.67,0,2.68
2021-08-29 08:00,354.09,30.15,62.76,0,4.51
2021-08-29 09:00,476.95,30.35,61.65,0,3.15
2021-08-29 10:00,630.83,30.82,64.08,0,2.74
2021-08-29 11:00,858.1,31.85,54.1,0,3.33
2021-08-29 12:00,744.07,35.64,51.9,0,4.88
2021-08-29 13:00,849.26,35.15,48.08,0,4.04
2021-08-29 14:00,571.03,29.72,39.4,0,5.08
2021-08-29 15:00,722.02,32.89,52.06,0,3.55
2021-08-29 16:00,582.88,32.72,70.11,0,2.67
2021-08-29 17:00,373.26,29.81,69.14,0,1.51
2021-08-29 18:00,198.86,28.1,69.01,0,1.72
2021-08-29 19:00,27.97,28.7,72.55,0,2.15
2021-08-29 20:00,3.84,28.49,75.83,0,2.33
2021-08-29 21:00,18.32,28.17,74.04,0,1.82
2021-08-29 22:00,0,26.42,71.03,7.58,1.87
2021-08-29 23:00,18.24,25.9,71.77,0,1.31
2021-08-30 00:00,4.47,28.46,92.33,6.62,3.0
2021-08-30 01:00,0,26.86,71.6,0,2.99
2021-08-30 02:00,25.59,28.85,72.07,1.71,2.47
2021-08-30 03:00,40.47,27.33,80.5,0,3.23
2021-08-30 04:00,0.4,28.1,67.57,0,3.51
2021-08-30 05:00,0,29.06,81.19,0,2.31
2021-08-30 06:00,71.11,25.27,78.44,0,2.04
2021-08-30 07:00,300.46,27.31,67.29,0,3.77
2021-08-30 08:00,473.21,32.54,56.43,0,2.22
2021-08-30 09:00,609.86,32.91,49.52,0,3.6
2021-08-30 10:00,684.49,33.95,50.02,0,2.7
2021-08-30 11:00,426.89,35.6,56.85,0,3.33
2021-08-30 12:00,821.26,34.42,52.01,0,4.97
2021-08-30 13:00,968.87,33.41,64.06,0,5.34
2021-08-30 14:00,640.67,34.31,48.59,0,3.78
2021-08-30 15:00,697.36,32.26,59.93,7.48,4.18
2021-08-30 16:00,495.71,32.86,64.15,0,3.82
2021-08-30 17:00,433.39,30.46,61.87,0,3.32
2021-08-30 18:00,239.17,30.15,72.21,0,2.97
2021-08-30 19:00,0,30.14,80.49,0,2.51
2021-08-30 20:00,0,27.5,77.54,0,1.47
2021-08-30 21:00,0,26.38,83.26,0,1.92
2021-08-30 22:00,7.97,25.58,83.24,0,2.24
2021-08-30 23:00,4.04,29.08,75.83,0,2.09
2021-08-31 00:00,0,26.25,74.14,0,1.1
2021-08-31 01:00,0,25.12,67.96,0,3.92
2021-08-31 02:00,0,25.62,76.71,0,1.92
2021-08-31 03:00,66.22,25.85,82.24,6.46,1.75
2021-08-31 04:00,15.71,26.54,70.73,0,1.1
2021-08-31 05:00,0,29.86,72.51,0,2.55
2021-08-31 06:00,107.53,26.13,78.84,0,2.29
2021-08-31 07:00,288.5,29.96,72.75,0,4.04
2021-08-31 08:00,505.14,27.86,59.82,0,2.71
2021-08-31 09:00,602.99,32.06,55.0,0,2.79
2021-08-31 10:00,594.2,33.53,55.34,0,3.87
2021-08-31 11:00,592.64,33.23,42.72,0,4.0
2021-08-31 12:00,796.47,33.78,42.38,0,2.7
2021-08-31 13:00,607.42,35.46,38.44,0,3.96
2021-08-31 14:00,589.05,35.71,48.53,0,4.35
2021-08-31 15:00,750.79,32.71,66.82,6.84,3.51
2021-08-31 16:00,627.58,32.78,62.35,0,3.57
2021-08-31 17:00,447.97,30.43,67.45,0,2.24
2021-08-31 18:00,225.21,27.31,65.22,0,1.88
2021-08-31 19:00,30.08,28.4,70.01,0,2.03
2021-08-31 20:00,0,29.19,76.68,0,1.09
2021-08-31 21:00,11.61,28.11,75.34,5.54,2.49
2021-08-31 22:00,0,26.18,76.07,0,3.87
2021-08-31 23:00,0,25.73,90.48,1.17,2.09
